2026-08-24 18:10:02 [INFO] telegram_bot: Send /start to the bot to detect your chat ID
2026-08-24 18:10:14 [INFO] telegram_bot: Detected chat_id: 471974990
2026-08-24 18:10:14 [INFO] telegram_bot: Starting market scan...
2026-08-24 18:10:15 [INFO] binance_client: Found 474 trading symbols with USDT quote asset (excluding stablecoins)
2026-08-24 18:10:15 [INFO] binance_client: Filtered to 474 symbols from ticker data
2026-08-24 18:10:15 [INFO] binance_client: Top 50 symbols by 24hr quote volume
2026-08-24 18:10:15 [INFO] binance_client: #    Symbol       Quote Volume        
2026-08-24 18:10:15 [INFO] binance_client: ------------------------------------
2026-08-24 18:10:15 [INFO] binance_client: 1    BTCUSDT        2,332,875,264.92
2026-08-24 18:10:15 [INFO] binance_client: 2    ETHUSDT        1,222,362,080.59
2026-08-24 18:10:15 [INFO] binance_client: 3    XRPUSDT          400,792,484.27
2026-08-24 18:10:15 [INFO] binance_client: 4    SOLUSDT          393,103,776.62
2026-08-24 18:10:15 [INFO] binance_client: 5    ZECUSDT          255,802,936.55
2026-08-24 18:10:15 [INFO] binance_client: 6    BNBUSDT          131,981,152.42
2026-08-24 18:10:15 [INFO] binance_client: 7    PYTHUSDT         129,375,971.78
2026-08-24 18:10:15 [INFO] binance_client: 8    DOGEUSDT         107,235,131.81
2026-08-24 18:10:15 [INFO] binance_client: 9    TUTUSDT           95,796,603.14
2026-08-24 18:10:15 [INFO] binance_client: 10   SUIUSDT           86,846,880.00
2026-08-24 18:10:15 [INFO] binance_client: 11   TRUMPUSDT         71,644,170.31
2026-08-24 18:10:15 [INFO] binance_client: 12   ENAUSDT           70,523,527.21
2026-08-24 18:10:15 [INFO] binance_client: 13   NEARUSDT          68,675,784.86
2026-08-24 18:10:15 [INFO] binance_client: 14   PEPEUSDT          64,345,874.50
2026-08-24 18:10:15 [INFO] binance_client: 15   PUMPUSDT          57,735,266.06
2026-08-24 18:10:15 [INFO] binance_client: 16   AAVEUSDT          56,936,492.44
2026-08-24 18:10:15 [INFO] binance_client: 17   LINKUSDT          44,127,989.96
2026-08-24 18:10:15 [INFO] binance_client: 18   ADAUSDT           42,509,933.42
2026-08-24 18:10:15 [INFO] binance_client: 19   UNIUSDT           40,790,024.42
2026-08-24 18:10:15 [INFO] binance_client: 20   SNDKBUSDT         40,210,061.19
2026-08-24 18:10:15 [INFO] binance_client: 21   TAOUSDT           38,360,226.98
2026-08-24 18:10:15 [INFO] binance_client: 22   REUSDT            36,588,765.45
2026-08-24 18:10:15 [INFO] binance_client: 23   PENGUUSDT         35,494,745.30
2026-08-24 18:10:15 [INFO] binance_client: 24   LTCUSDT           33,256,839.29
2026-08-24 18:10:15 [INFO] binance_client: 25   XAUTUSDT          30,861,636.70
2026-08-24 18:10:15 [INFO] binance_client: 26   TRXUSDT           30,485,509.11
2026-08-24 18:10:15 [INFO] binance_client: 27   XLMUSDT           30,229,192.81
2026-08-24 18:10:15 [INFO] binance_client: 28   UUSDT             29,319,561.31
2026-08-24 18:10:15 [INFO] binance_client: 29   WLDUSDT           28,265,211.90
2026-08-24 18:10:15 [INFO] binance_client: 30   PAXGUSDT          22,620,697.77
2026-08-24 18:10:15 [INFO] binance_client: 31   AVAXUSDT          21,436,125.01
2026-08-24 18:10:15 [INFO] binance_client: 32   ONDOUSDT          20,898,494.84
2026-08-24 18:10:15 [INFO] binance_client: 33   MSTRBUSDT         20,844,047.96
2026-08-24 18:10:15 [INFO] binance_client: 34   VIRTUALUSDT       20,707,361.30
2026-08-24 18:10:15 [INFO] binance_client: 35   XPLUSDT           20,565,594.07
2026-08-24 18:10:15 [INFO] binance_client: 36   SPKUSDT           20,236,882.83
2026-08-24 18:10:15 [INFO] binance_client: 37   BCHUSDT           19,803,522.44
2026-08-24 18:10:15 [INFO] binance_client: 38   SPCXBUSDT         19,531,417.92
2026-08-24 18:10:15 [INFO] binance_client: 39   ASTERUSDT         18,766,760.98
2026-08-24 18:10:15 [INFO] binance_client: 40   PROMUSDT          18,645,102.18
2026-08-24 18:10:15 [INFO] binance_client: 41   INJUSDT           18,083,920.20
2026-08-24 18:10:15 [INFO] binance_client: 42   FETUSDT           17,883,829.45
2026-08-24 18:10:15 [INFO] binance_client: 43   POLUSDT           14,825,769.51
2026-08-24 18:10:15 [INFO] binance_client: 44   HBARUSDT          14,629,392.28
2026-08-24 18:10:15 [INFO] binance_client: 45   MORPHOUSDT        14,183,575.11
2026-08-24 18:10:15 [INFO] binance_client: 46   PORTALUSDT        13,704,422.25
2026-08-24 18:10:15 [INFO] binance_client: 47   DASHUSDT          13,623,340.13
2026-08-24 18:10:15 [INFO] binance_client: 48   CRCLBUSDT         13,600,785.26
2026-08-24 18:10:15 [INFO] binance_client: 49   ZAMAUSDT          12,563,872.76
2026-08-24 18:10:15 [INFO] binance_client: 50   WLFIUSDT          11,860,814.40
2026-08-24 18:10:15 [INFO] scanner: BTCUSDT: -0.45%
2026-08-24 18:10:16 [INFO] scanner: ETHUSDT: -0.27%
2026-08-24 18:10:16 [INFO] scanner: XRPUSDT: -1.19%
2026-08-24 18:10:17 [INFO] scanner: SOLUSDT: -0.42%
2026-08-24 18:10:17 [INFO] scanner: ZECUSDT: -1.94%
2026-08-24 18:10:17 [INFO] scanner: BNBUSDT: -0.31%
2026-08-24 18:10:18 [INFO] scanner: PYTHUSDT: -1.32%
2026-08-24 18:10:18 [INFO] scanner: DOGEUSDT: -2.03%
2026-08-24 18:10:19 [INFO] scanner: TUTUSDT: 2.23%
2026-08-24 18:10:19 [INFO] scanner: SUIUSDT: -1.16%
2026-08-24 18:10:20 [INFO] scanner: TRUMPUSDT: -2.08%
2026-08-24 18:10:20 [INFO] scanner: ENAUSDT: -2.84%
2026-08-24 18:10:20 [INFO] scanner: NEARUSDT: -0.96%
2026-08-24 18:10:21 [INFO] scanner: PEPEUSDT: -1.23%
2026-08-24 18:10:21 [INFO] scanner: PUMPUSDT: 1.30%
2026-08-24 18:10:22 [INFO] scanner: AAVEUSDT: -0.80%
2026-08-24 18:10:22 [INFO] scanner: LINKUSDT: -0.16%
2026-08-24 18:10:23 [INFO] scanner: ADAUSDT: -1.03%
2026-08-24 18:10:23 [INFO] scanner: UNIUSDT: -0.56%
2026-08-24 18:10:24 [INFO] scanner: SNDKBUSDT: 0.18%
2026-08-24 18:10:24 [INFO] scanner: TAOUSDT: 0.33%
2026-08-24 18:10:24 [INFO] scanner: REUSDT: -0.94%
2026-08-24 18:10:25 [INFO] scanner: PENGUUSDT: -0.71%
2026-08-24 18:10:25 [INFO] scanner: LTCUSDT: -0.90%
2026-08-24 18:10:26 [INFO] scanner: XAUTUSDT: -0.36%
2026-08-24 18:10:26 [INFO] scanner: TRXUSDT: -0.06%
2026-08-24 18:10:26 [INFO] scanner: XLMUSDT: -0.87%
2026-08-24 18:10:27 [INFO] scanner: UUSDT: 0.00%
2026-08-24 18:10:27 [INFO] scanner: WLDUSDT: -0.37%
2026-08-24 18:10:28 [INFO] scanner: PAXGUSDT: -0.44%
2026-08-24 18:10:28 [INFO] scanner: AVAXUSDT: -0.32%
2026-08-24 18:10:29 [INFO] scanner: ONDOUSDT: 0.00%
2026-08-24 18:10:29 [INFO] scanner: MSTRBUSDT: -0.86%
2026-08-24 18:10:29 [INFO] scanner: VIRTUALUSDT: -1.80%
2026-08-24 18:10:30 [INFO] scanner: XPLUSDT: -2.84%
2026-08-24 18:10:30 [INFO] scanner: SPKUSDT: -3.06%
2026-08-24 18:10:31 [INFO] scanner: BCHUSDT: -2.21%
2026-08-24 18:10:31 [INFO] scanner: SPCXBUSDT: -0.32%
2026-08-24 18:10:31 [INFO] scanner: ASTERUSDT: 0.73%
2026-08-24 18:10:32 [INFO] scanner: PROMUSDT: 0.85%
2026-08-24 18:10:32 [INFO] scanner: INJUSDT: -3.97%
2026-08-24 18:10:33 [INFO] scanner: FETUSDT: -1.32%
2026-08-24 18:10:33 [INFO] scanner: POLUSDT: -0.79%
2026-08-24 18:10:33 [INFO] scanner: HBARUSDT: -0.30%
2026-08-24 18:10:34 [INFO] scanner: MORPHOUSDT: -1.54%
2026-08-24 18:10:34 [INFO] scanner: PORTALUSDT: -2.55%
2026-08-24 18:10:35 [INFO] scanner: DASHUSDT: 0.41%
2026-08-24 18:10:35 [INFO] scanner: CRCLBUSDT: -1.37%
2026-08-24 18:10:36 [INFO] scanner: ZAMAUSDT: -0.10%
2026-08-24 18:10:36 [INFO] scanner: WLFIUSDT: -0.52%
2026-08-24 18:10:36 [INFO] telegram_bot: No symbols passed Condition 1
2026-08-24 18:15:37 [INFO] telegram_bot: Starting market scan...
2026-08-24 18:15:38 [INFO] binance_client: Found 474 trading symbols with USDT quote asset (excluding stablecoins)
2026-08-24 18:15:39 [INFO] binance_client: Filtered to 474 symbols from ticker data
2026-08-24 18:15:39 [INFO] binance_client: Top 50 symbols by 24hr quote volume
2026-08-24 18:15:39 [INFO] binance_client: #    Symbol       Quote Volume        
2026-08-24 18:15:39 [INFO] binance_client: ------------------------------------
2026-08-24 18:15:39 [INFO] binance_client: 1    BTCUSDT        2,329,900,720.27
2026-08-24 18:15:39 [INFO] binance_client: 2    ETHUSDT        1,222,826,260.71
2026-08-24 18:15:39 [INFO] binance_client: 3    XRPUSDT          399,900,570.78
2026-08-24 18:15:39 [INFO] binance_client: 4    SOLUSDT          394,120,788.84
2026-08-24 18:15:39 [INFO] binance_client: 5    ZECUSDT          254,587,498.86
2026-08-24 18:15:39 [INFO] binance_client: 6    BNBUSDT          131,924,881.63
2026-08-24 18:15:39 [INFO] binance_client: 7    PYTHUSDT         129,371,866.43
2026-08-24 18:15:39 [INFO] binance_client: 8    DOGEUSDT         106,906,883.58
2026-08-24 18:15:39 [INFO] binance_client: 9    TUTUSDT           95,869,672.08
2026-08-24 18:15:39 [INFO] binance_client: 10   SUIUSDT           84,952,249.30
2026-08-24 18:15:39 [INFO] binance_client: 11   TRUMPUSDT         71,535,158.57
2026-08-24 18:15:39 [INFO] binance_client: 12   ENAUSDT           70,508,940.20
2026-08-24 18:15:39 [INFO] binance_client: 13   NEARUSDT          68,828,037.17
2026-08-24 18:15:39 [INFO] binance_client: 14   PEPEUSDT          64,450,882.25
2026-08-24 18:15:39 [INFO] binance_client: 15   PUMPUSDT          57,844,787.72
2026-08-24 18:15:39 [INFO] binance_client: 16   AAVEUSDT          56,467,577.88
2026-08-24 18:15:39 [INFO] binance_client: 17   LINKUSDT          44,066,358.07
2026-08-24 18:15:39 [INFO] binance_client: 18   ADAUSDT           42,613,869.34
2026-08-24 18:15:39 [INFO] binance_client: 19   UNIUSDT           40,692,136.28
2026-08-24 18:15:39 [INFO] binance_client: 20   SNDKBUSDT         40,242,746.36
2026-08-24 18:15:39 [INFO] binance_client: 21   TAOUSDT           38,330,011.43
2026-08-24 18:15:39 [INFO] binance_client: 22   REUSDT            36,625,043.87
2026-08-24 18:15:39 [INFO] binance_client: 23   PENGUUSDT         35,222,165.29
2026-08-24 18:15:39 [INFO] binance_client: 24   LTCUSDT           33,241,579.79
2026-08-24 18:15:39 [INFO] binance_client: 25   XAUTUSDT          30,854,810.75
2026-08-24 18:15:39 [INFO] binance_client: 26   TRXUSDT           30,468,052.95
2026-08-24 18:15:39 [INFO] binance_client: 27   XLMUSDT           30,240,243.59
2026-08-24 18:15:39 [INFO] binance_client: 28   UUSDT             29,313,613.04
2026-08-24 18:15:39 [INFO] binance_client: 29   WLDUSDT           28,229,984.04
2026-08-24 18:15:39 [INFO] binance_client: 30   PAXGUSDT          22,674,856.26
2026-08-24 18:15:39 [INFO] binance_client: 31   AVAXUSDT          21,455,801.94
2026-08-24 18:15:39 [INFO] binance_client: 32   ONDOUSDT          21,031,056.74
2026-08-24 18:15:39 [INFO] binance_client: 33   MSTRBUSDT         20,857,952.83
2026-08-24 18:15:39 [INFO] binance_client: 34   VIRTUALUSDT       20,724,834.37
2026-08-24 18:15:39 [INFO] binance_client: 35   XPLUSDT           20,587,075.34
2026-08-24 18:15:39 [INFO] binance_client: 36   SPKUSDT           20,123,401.40
2026-08-24 18:15:39 [INFO] binance_client: 37   BCHUSDT           19,793,320.62
2026-08-24 18:15:39 [INFO] binance_client: 38   SPCXBUSDT         19,527,692.22
2026-08-24 18:15:39 [INFO] binance_client: 39   ASTERUSDT         18,791,788.43
2026-08-24 18:15:39 [INFO] binance_client: 40   PROMUSDT          18,650,228.09
2026-08-24 18:15:39 [INFO] binance_client: 41   INJUSDT           18,159,157.63
2026-08-24 18:15:39 [INFO] binance_client: 42   FETUSDT           17,901,387.21
2026-08-24 18:15:39 [INFO] binance_client: 43   POLUSDT           14,830,375.29
2026-08-24 18:15:39 [INFO] binance_client: 44   HBARUSDT          14,674,607.47
2026-08-24 18:15:39 [INFO] binance_client: 45   MORPHOUSDT        14,125,482.88
2026-08-24 18:15:39 [INFO] binance_client: 46   PORTALUSDT        13,725,913.92
2026-08-24 18:15:39 [INFO] binance_client: 47   CRCLBUSDT         13,647,543.81
2026-08-24 18:15:39 [INFO] binance_client: 48   DASHUSDT          13,498,637.18
2026-08-24 18:15:39 [INFO] binance_client: 49   ZAMAUSDT          12,673,908.09
2026-08-24 18:15:39 [INFO] binance_client: 50   WLFIUSDT          11,875,371.97
2026-08-24 18:15:40 [INFO] scanner: BTCUSDT: -0.12%
2026-08-24 18:15:40 [INFO] scanner: ETHUSDT: 0.21%
2026-08-24 18:15:40 [INFO] scanner: XRPUSDT: -0.35%
2026-08-24 18:15:41 [INFO] scanner: SOLUSDT: 0.10%
2026-08-24 18:15:41 [INFO] scanner: ZECUSDT: -0.83%
2026-08-24 18:15:42 [INFO] scanner: BNBUSDT: 0.04%
2026-08-24 18:15:42 [INFO] scanner: PYTHUSDT: -0.82%
2026-08-24 18:15:42 [INFO] scanner: DOGEUSDT: -1.45%
2026-08-24 18:15:43 [INFO] scanner: TUTUSDT: 0.55%
2026-08-24 18:15:44 [INFO] scanner: SUIUSDT: -0.45%
2026-08-24 18:15:44 [INFO] scanner: TRUMPUSDT: -1.52%
2026-08-24 18:15:44 [INFO] scanner: ENAUSDT: -1.85%
2026-08-24 18:15:45 [INFO] scanner: NEARUSDT: -0.15%
2026-08-24 18:15:45 [INFO] scanner: PEPEUSDT: -0.74%
2026-08-24 18:15:45 [INFO] scanner: PUMPUSDT: 1.38%
2026-08-24 18:15:46 [INFO] scanner: AAVEUSDT: -0.10%
2026-08-24 18:15:46 [INFO] scanner: LINKUSDT: 0.29%
2026-08-24 18:15:47 [INFO] scanner: ADAUSDT: -0.68%
2026-08-24 18:15:47 [INFO] scanner: UNIUSDT: -0.12%
2026-08-24 18:15:47 [INFO] scanner: SNDKBUSDT: 0.69%
2026-08-24 18:15:48 [INFO] scanner: TAOUSDT: 1.21%
2026-08-24 18:15:48 [INFO] scanner: REUSDT: -0.97%
2026-08-24 18:15:48 [INFO] scanner: PENGUUSDT: 0.05%
2026-08-24 18:15:49 [INFO] scanner: LTCUSDT: -0.55%
2026-08-24 18:15:50 [INFO] scanner: XAUTUSDT: -0.37%
2026-08-24 18:15:50 [INFO] scanner: TRXUSDT: 0.00%
2026-08-24 18:15:50 [INFO] scanner: XLMUSDT: -0.46%
2026-08-24 18:15:51 [INFO] scanner: UUSDT: 0.00%
2026-08-24 18:15:51 [INFO] scanner: WLDUSDT: -0.27%
2026-08-24 18:15:52 [INFO] scanner: PAXGUSDT: -0.40%
2026-08-24 18:15:52 [INFO] scanner: AVAXUSDT: 0.04%
2026-08-24 18:15:52 [INFO] scanner: ONDOUSDT: 0.45%
2026-08-24 18:15:53 [INFO] scanner: MSTRBUSDT: -0.46%
2026-08-24 18:15:53 [INFO] scanner: VIRTUALUSDT: -1.66%
2026-08-24 18:15:53 [INFO] scanner: XPLUSDT: -2.19%
2026-08-24 18:15:54 [INFO] scanner: SPKUSDT: -2.30%
2026-08-24 18:15:54 [INFO] scanner: BCHUSDT: -1.75%
2026-08-24 18:15:55 [INFO] scanner: SPCXBUSDT: -0.26%
2026-08-24 18:15:55 [INFO] scanner: ASTERUSDT: 0.88%
2026-08-24 18:15:55 [INFO] scanner: PROMUSDT: 0.74%
2026-08-24 18:15:56 [INFO] scanner: INJUSDT: -2.40%
2026-08-24 18:15:56 [INFO] scanner: FETUSDT: -0.86%
2026-08-24 18:15:57 [INFO] scanner: POLUSDT: -0.20%
2026-08-24 18:15:57 [INFO] scanner: HBARUSDT: 0.05%
2026-08-24 18:15:57 [INFO] scanner: MORPHOUSDT: -1.28%
2026-08-24 18:15:58 [INFO] scanner: PORTALUSDT: -2.47%
2026-08-24 18:15:58 [INFO] scanner: CRCLBUSDT: -1.44%
2026-08-24 18:15:58 [INFO] scanner: DASHUSDT: 1.52%
2026-08-24 18:15:59 [INFO] scanner: ZAMAUSDT: 0.76%
2026-08-24 18:15:59 [INFO] scanner: WLFIUSDT: 0.00%
2026-08-24 18:15:59 [INFO] telegram_bot: No symbols passed Condition 1
2026-08-24 18:21:00 [INFO] telegram_bot: Starting market scan...
2026-08-24 18:21:01 [INFO] binance_client: Found 474 trading symbols with USDT quote asset (excluding stablecoins)
2026-08-24 18:21:02 [INFO] binance_client: Filtered to 474 symbols from ticker data
2026-08-24 18:21:02 [INFO] binance_client: Top 50 symbols by 24hr quote volume
2026-08-24 18:21:02 [INFO] binance_client: #    Symbol       Quote Volume        
2026-08-24 18:21:02 [INFO] binance_client: ------------------------------------
2026-08-24 18:21:02 [INFO] binance_client: 1    BTCUSDT        2,331,312,019.68
2026-08-24 18:21:02 [INFO] binance_client: 2    ETHUSDT        1,224,926,520.90
2026-08-24 18:21:02 [INFO] binance_client: 3    XRPUSDT          400,363,290.05
2026-08-24 18:21:02 [INFO] binance_client: 4    SOLUSDT          396,383,436.91
2026-08-24 18:21:02 [INFO] binance_client: 5    ZECUSDT          249,885,548.54
2026-08-24 18:21:02 [INFO] binance_client: 6    BNBUSDT          131,908,107.77
2026-08-24 18:21:02 [INFO] binance_client: 7    PYTHUSDT         129,360,474.90
2026-08-24 18:21:02 [INFO] binance_client: 8    DOGEUSDT         106,683,317.84
2026-08-24 18:21:02 [INFO] binance_client: 9    TUTUSDT           95,964,910.33
2026-08-24 18:21:02 [INFO] binance_client: 10   SUIUSDT           84,505,844.63
2026-08-24 18:21:02 [INFO] binance_client: 11   TRUMPUSDT         71,516,122.48
2026-08-24 18:21:02 [INFO] binance_client: 12   ENAUSDT           70,559,789.83
2026-08-24 18:21:02 [INFO] binance_client: 13   NEARUSDT          68,794,478.51
2026-08-24 18:21:02 [INFO] binance_client: 14   PEPEUSDT          64,559,628.80
2026-08-24 18:21:02 [INFO] binance_client: 15   PUMPUSDT          57,944,840.02
2026-08-24 18:21:02 [INFO] binance_client: 16   AAVEUSDT          56,225,649.33
2026-08-24 18:21:02 [INFO] binance_client: 17   LINKUSDT          44,125,335.92
2026-08-24 18:21:02 [INFO] binance_client: 18   ADAUSDT           42,556,936.76
2026-08-24 18:21:02 [INFO] binance_client: 19   UNIUSDT           40,688,583.30
2026-08-24 18:21:02 [INFO] binance_client: 20   SNDKBUSDT         40,280,673.11
2026-08-24 18:21:02 [INFO] binance_client: 21   TAOUSDT           38,337,890.86
2026-08-24 18:21:02 [INFO] binance_client: 22   REUSDT            36,630,316.93
2026-08-24 18:21:02 [INFO] binance_client: 23   PENGUUSDT         35,090,215.64
2026-08-24 18:21:02 [INFO] binance_client: 24   LTCUSDT           33,278,873.70
2026-08-24 18:21:02 [INFO] binance_client: 25   XAUTUSDT          30,964,646.06
2026-08-24 18:21:02 [INFO] binance_client: 26   TRXUSDT           30,429,668.45
2026-08-24 18:21:02 [INFO] binance_client: 27   XLMUSDT           30,288,918.03
2026-08-24 18:21:02 [INFO] binance_client: 28   UUSDT             29,299,374.42
2026-08-24 18:21:02 [INFO] binance_client: 29   WLDUSDT           28,222,944.10
2026-08-24 18:21:02 [INFO] binance_client: 30   PAXGUSDT          22,685,065.04
2026-08-24 18:21:02 [INFO] binance_client: 31   AVAXUSDT          21,428,428.02
2026-08-24 18:21:02 [INFO] binance_client: 32   ONDOUSDT          21,060,719.77
2026-08-24 18:21:02 [INFO] binance_client: 33   MSTRBUSDT         20,872,557.22
2026-08-24 18:21:02 [INFO] binance_client: 34   VIRTUALUSDT       20,750,107.70
2026-08-24 18:21:02 [INFO] binance_client: 35   XPLUSDT           20,573,699.08
2026-08-24 18:21:02 [INFO] binance_client: 36   SPKUSDT           20,043,655.89
2026-08-24 18:21:02 [INFO] binance_client: 37   BCHUSDT           19,877,868.14
2026-08-24 18:21:02 [INFO] binance_client: 38   SPCXBUSDT         19,546,052.39
2026-08-24 18:21:02 [INFO] binance_client: 39   ASTERUSDT         18,782,996.99
2026-08-24 18:21:02 [INFO] binance_client: 40   PROMUSDT          18,689,327.16
2026-08-24 18:21:02 [INFO] binance_client: 41   INJUSDT           18,257,197.51
2026-08-24 18:21:02 [INFO] binance_client: 42   FETUSDT           17,861,729.00
2026-08-24 18:21:02 [INFO] binance_client: 43   POLUSDT           14,846,167.81
2026-08-24 18:21:02 [INFO] binance_client: 44   HBARUSDT          14,762,143.76
2026-08-24 18:21:02 [INFO] binance_client: 45   MORPHOUSDT        14,092,490.21
2026-08-24 18:21:02 [INFO] binance_client: 46   PORTALUSDT        13,728,873.56
2026-08-24 18:21:02 [INFO] binance_client: 47   CRCLBUSDT         13,683,685.59
2026-08-24 18:21:02 [INFO] binance_client: 48   DASHUSDT          13,239,646.17
2026-08-24 18:21:02 [INFO] binance_client: 49   ZAMAUSDT          12,839,945.52
2026-08-24 18:21:02 [INFO] binance_client: 50   WLFIUSDT          11,928,098.64
2026-08-24 18:21:03 [INFO] scanner: BTCUSDT: -0.00%
2026-08-24 18:21:03 [INFO] scanner: ETHUSDT: 0.17%
2026-08-24 18:21:03 [INFO] scanner: XRPUSDT: 0.04%
2026-08-24 18:21:04 [INFO] scanner: SOLUSDT: 0.44%
2026-08-24 18:21:04 [INFO] scanner: ZECUSDT: -0.88%
2026-08-24 18:21:04 [INFO] scanner: BNBUSDT: 0.29%
2026-08-24 18:21:05 [INFO] scanner: PYTHUSDT: -0.86%
2026-08-24 18:21:05 [INFO] scanner: DOGEUSDT: -1.23%
2026-08-24 18:21:06 [INFO] scanner: TUTUSDT: -1.34%
2026-08-24 18:21:06 [INFO] scanner: SUIUSDT: -0.06%
2026-08-24 18:21:06 [INFO] scanner: TRUMPUSDT: -1.60%
2026-08-24 18:21:07 [INFO] scanner: ENAUSDT: -2.56%
2026-08-24 18:21:07 [INFO] scanner: NEARUSDT: 0.05%
2026-08-24 18:21:08 [INFO] scanner: PEPEUSDT: -0.25%
2026-08-24 18:21:08 [INFO] scanner: PUMPUSDT: 2.73%
2026-08-24 18:21:08 [INFO] scanner: AAVEUSDT: 0.12%
2026-08-24 18:21:09 [INFO] scanner: LINKUSDT: 0.55%
2026-08-24 18:21:09 [INFO] scanner: ADAUSDT: -0.45%
2026-08-24 18:21:10 [INFO] scanner: UNIUSDT: 0.19%
2026-08-24 18:21:10 [INFO] scanner: SNDKBUSDT: 0.96%
2026-08-24 18:21:10 [INFO] scanner: TAOUSDT: 1.21%
2026-08-24 18:21:11 [INFO] scanner: REUSDT: -1.25%
2026-08-24 18:21:11 [INFO] scanner: PENGUUSDT: 0.62%
2026-08-24 18:21:11 [INFO] scanner: LTCUSDT: -0.42%
2026-08-24 18:21:12 [INFO] scanner: XAUTUSDT: -0.44%
2026-08-24 18:21:12 [INFO] scanner: TRXUSDT: 0.09%
2026-08-24 18:21:13 [INFO] scanner: XLMUSDT: -0.41%
2026-08-24 18:21:13 [INFO] scanner: UUSDT: -0.01%
2026-08-24 18:21:13 [INFO] scanner: WLDUSDT: -0.12%
2026-08-24 18:21:14 [INFO] scanner: PAXGUSDT: -0.44%
2026-08-24 18:21:14 [INFO] scanner: AVAXUSDT: 0.41%
2026-08-24 18:21:15 [INFO] scanner: ONDOUSDT: 0.34%
2026-08-24 18:21:15 [INFO] scanner: MSTRBUSDT: -0.16%
2026-08-24 18:21:15 [INFO] scanner: VIRTUALUSDT: -1.68%
2026-08-24 18:21:16 [INFO] scanner: XPLUSDT: -1.98%
2026-08-24 18:21:16 [INFO] scanner: SPKUSDT: -1.64%
2026-08-24 18:21:16 [INFO] scanner: BCHUSDT: -1.35%
2026-08-24 18:21:17 [INFO] scanner: SPCXBUSDT: -0.12%
2026-08-24 18:21:17 [INFO] scanner: ASTERUSDT: 0.73%
2026-08-24 18:21:18 [INFO] scanner: PROMUSDT: 1.78%
2026-08-24 18:21:18 [INFO] scanner: INJUSDT: -1.38%
2026-08-24 18:21:18 [INFO] scanner: FETUSDT: -0.63%
2026-08-24 18:21:19 [INFO] scanner: POLUSDT: -0.84%
2026-08-24 18:21:19 [INFO] scanner: HBARUSDT: 0.33%
2026-08-24 18:21:20 [INFO] scanner: MORPHOUSDT: -1.13%
2026-08-24 18:21:20 [INFO] scanner: PORTALUSDT: -3.22%
2026-08-24 18:21:20 [INFO] scanner: CRCLBUSDT: -1.03%
2026-08-24 18:21:21 [INFO] scanner: DASHUSDT: 1.48%
2026-08-24 18:21:21 [INFO] scanner: ZAMAUSDT: 0.05%
2026-08-24 18:21:22 [INFO] scanner: WLFIUSDT: 0.52%
2026-08-24 18:21:22 [INFO] telegram_bot: No symbols passed Condition 1
2026-08-24 18:26:22 [INFO] telegram_bot: Starting market scan...
2026-08-24 18:26:23 [INFO] binance_client: Found 474 trading symbols with USDT quote asset (excluding stablecoins)
2026-08-24 18:26:23 [INFO] binance_client: Filtered to 474 symbols from ticker data
2026-08-24 18:26:23 [INFO] binance_client: Top 50 symbols by 24hr quote volume
2026-08-24 18:26:23 [INFO] binance_client: #    Symbol       Quote Volume        
2026-08-24 18:26:23 [INFO] binance_client: ------------------------------------
2026-08-24 18:26:23 [INFO] binance_client: 1    BTCUSDT        2,333,845,658.87
2026-08-24 18:26:23 [INFO] binance_client: 2    ETHUSDT        1,228,344,887.86
2026-08-24 18:26:23 [INFO] binance_client: 3    XRPUSDT          400,883,970.32
2026-08-24 18:26:23 [INFO] binance_client: 4    SOLUSDT          397,806,932.02
2026-08-24 18:26:23 [INFO] binance_client: 5    ZECUSDT          247,997,415.30
2026-08-24 18:26:23 [INFO] binance_client: 6    BNBUSDT          132,237,597.15
2026-08-24 18:26:23 [INFO] binance_client: 7    PYTHUSDT         129,365,287.11
2026-08-24 18:26:23 [INFO] binance_client: 8    DOGEUSDT         106,901,538.85
2026-08-24 18:26:23 [INFO] binance_client: 9    TUTUSDT           95,996,756.30
2026-08-24 18:26:23 [INFO] binance_client: 10   SUIUSDT           84,488,956.05
2026-08-24 18:26:23 [INFO] binance_client: 11   TRUMPUSDT         71,460,573.62
2026-08-24 18:26:23 [INFO] binance_client: 12   ENAUSDT           70,405,825.34
2026-08-24 18:26:23 [INFO] binance_client: 13   NEARUSDT          68,867,407.23
2026-08-24 18:26:23 [INFO] binance_client: 14   PEPEUSDT          64,591,265.41
2026-08-24 18:26:23 [INFO] binance_client: 15   PUMPUSDT          58,016,013.82
2026-08-24 18:26:23 [INFO] binance_client: 16   AAVEUSDT          56,089,373.62
2026-08-24 18:26:23 [INFO] binance_client: 17   LINKUSDT          44,206,830.45
2026-08-24 18:26:23 [INFO] binance_client: 18   ADAUSDT           42,589,101.16
2026-08-24 18:26:23 [INFO] binance_client: 19   UNIUSDT           40,661,484.22
2026-08-24 18:26:23 [INFO] binance_client: 20   SNDKBUSDT         40,346,849.70
2026-08-24 18:26:23 [INFO] binance_client: 21   TAOUSDT           37,920,545.77
2026-08-24 18:26:23 [INFO] binance_client: 22   REUSDT            36,632,675.22
2026-08-24 18:26:23 [INFO] binance_client: 23   PENGUUSDT         34,945,750.52
2026-08-24 18:26:23 [INFO] binance_client: 24   LTCUSDT           33,326,068.15
2026-08-24 18:26:23 [INFO] binance_client: 25   XAUTUSDT          31,081,951.07
2026-08-24 18:26:23 [INFO] binance_client: 26   TRXUSDT           30,434,771.30
2026-08-24 18:26:23 [INFO] binance_client: 27   XLMUSDT           30,325,494.38
2026-08-24 18:26:23 [INFO] binance_client: 28   UUSDT             29,309,035.82
2026-08-24 18:26:23 [INFO] binance_client: 29   WLDUSDT           28,355,575.17
2026-08-24 18:26:23 [INFO] binance_client: 30   PAXGUSDT          22,676,374.52
2026-08-24 18:26:23 [INFO] binance_client: 31   AVAXUSDT          21,421,568.13
2026-08-24 18:26:23 [INFO] binance_client: 32   ONDOUSDT          21,063,187.37
2026-08-24 18:26:23 [INFO] binance_client: 33   MSTRBUSDT         20,882,914.08
2026-08-24 18:26:23 [INFO] binance_client: 34   VIRTUALUSDT       20,762,140.33
2026-08-24 18:26:23 [INFO] binance_client: 35   XPLUSDT           20,563,156.56
2026-08-24 18:26:23 [INFO] binance_client: 36   BCHUSDT           19,946,105.51
2026-08-24 18:26:23 [INFO] binance_client: 37   SPKUSDT           19,941,884.24
2026-08-24 18:26:23 [INFO] binance_client: 38   SPCXBUSDT         19,599,020.60
2026-08-24 18:26:23 [INFO] binance_client: 39   ASTERUSDT         18,791,128.94
2026-08-24 18:26:23 [INFO] binance_client: 40   PROMUSDT          18,728,744.90
2026-08-24 18:26:23 [INFO] binance_client: 41   INJUSDT           18,366,368.44
2026-08-24 18:26:23 [INFO] binance_client: 42   FETUSDT           17,850,636.50
2026-08-24 18:26:23 [INFO] binance_client: 43   POLUSDT           14,859,381.03
2026-08-24 18:26:23 [INFO] binance_client: 44   HBARUSDT          14,792,605.70
2026-08-24 18:26:23 [INFO] binance_client: 45   MORPHOUSDT        14,080,332.96
2026-08-24 18:26:23 [INFO] binance_client: 46   CRCLBUSDT         13,733,967.44
2026-08-24 18:26:23 [INFO] binance_client: 47   PORTALUSDT        13,702,380.59
2026-08-24 18:26:23 [INFO] binance_client: 48   DASHUSDT          13,159,027.37
2026-08-24 18:26:23 [INFO] binance_client: 49   ZAMAUSDT          12,864,992.44
2026-08-24 18:26:23 [INFO] binance_client: 50   WLFIUSDT          12,012,917.65
2026-08-24 18:26:23 [INFO] scanner: BTCUSDT: 0.47%
2026-08-24 18:26:24 [INFO] scanner: ETHUSDT: 0.70%
2026-08-24 18:26:24 [INFO] scanner: XRPUSDT: 0.58%
2026-08-24 18:26:25 [INFO] scanner: SOLUSDT: 1.09%
2026-08-24 18:26:25 [INFO] scanner: ZECUSDT: -0.14%
2026-08-24 18:26:25 [INFO] scanner: BNBUSDT: 0.64%
2026-08-24 18:26:26 [INFO] scanner: PYTHUSDT: 0.14%
2026-08-24 18:26:26 [INFO] scanner: DOGEUSDT: 0.08%
2026-08-24 18:26:27 [INFO] scanner: TUTUSDT: -1.17%
2026-08-24 18:26:27 [INFO] scanner: SUIUSDT: 0.86%
2026-08-24 18:26:27 [INFO] scanner: TRUMPUSDT: -0.77%
2026-08-24 18:26:28 [INFO] scanner: ENAUSDT: -1.23%
2026-08-24 18:26:28 [INFO] scanner: NEARUSDT: 0.77%
2026-08-24 18:26:29 [INFO] scanner: PEPEUSDT: 0.75%
2026-08-24 18:26:29 [INFO] scanner: PUMPUSDT: 2.23%
2026-08-24 18:26:29 [INFO] scanner: AAVEUSDT: 0.49%
2026-08-24 18:26:30 [INFO] scanner: LINKUSDT: 1.19%
2026-08-24 18:26:30 [INFO] scanner: ADAUSDT: 0.41%
2026-08-24 18:26:31 [INFO] scanner: UNIUSDT: 0.78%
2026-08-24 18:26:31 [INFO] scanner: SNDKBUSDT: 1.70%
2026-08-24 18:26:31 [INFO] scanner: TAOUSDT: 2.06%
2026-08-24 18:26:32 [INFO] scanner: REUSDT: -0.53%
2026-08-24 18:26:32 [INFO] scanner: PENGUUSDT: 1.28%
2026-08-24 18:26:33 [INFO] scanner: LTCUSDT: 0.08%
2026-08-24 18:26:33 [INFO] scanner: XAUTUSDT: 0.00%
2026-08-24 18:26:33 [INFO] scanner: TRXUSDT: 0.06%
2026-08-24 18:26:34 [INFO] scanner: XLMUSDT: 0.26%
2026-08-24 18:26:34 [INFO] scanner: UUSDT: 0.00%
2026-08-24 18:26:35 [INFO] scanner: WLDUSDT: 0.90%
2026-08-24 18:26:35 [INFO] scanner: PAXGUSDT: -0.01%
2026-08-24 18:26:36 [INFO] scanner: AVAXUSDT: 0.61%
2026-08-24 18:26:36 [INFO] scanner: ONDOUSDT: 1.12%
2026-08-24 18:26:37 [INFO] scanner: MSTRBUSDT: 0.68%
2026-08-24 18:26:37 [INFO] scanner: VIRTUALUSDT: -0.39%
2026-08-24 18:26:38 [INFO] scanner: XPLUSDT: -0.76%
2026-08-24 18:26:38 [INFO] scanner: BCHUSDT: 0.67%
2026-08-24 18:26:38 [INFO] scanner: SPKUSDT: -0.68%
2026-08-24 18:26:39 [INFO] scanner: SPCXBUSDT: 0.19%
2026-08-24 18:26:39 [INFO] scanner: ASTERUSDT: 1.03%
2026-08-24 18:26:40 [INFO] scanner: PROMUSDT: 1.72%
2026-08-24 18:26:40 [INFO] scanner: INJUSDT: -1.17%
2026-08-24 18:26:40 [INFO] scanner: FETUSDT: -0.12%
2026-08-24 18:26:41 [INFO] scanner: POLUSDT: 0.03%
2026-08-24 18:26:41 [INFO] scanner: HBARUSDT: 0.65%
2026-08-24 18:26:42 [INFO] scanner: MORPHOUSDT: -0.91%
2026-08-24 18:26:42 [INFO] scanner: CRCLBUSDT: -0.23%
2026-08-24 18:26:42 [INFO] scanner: PORTALUSDT: -5.19%
2026-08-24 18:26:43 [INFO] scanner: DASHUSDT: 2.50%
2026-08-24 18:26:43 [INFO] scanner: ZAMAUSDT: -0.31%
2026-08-24 18:26:44 [INFO] scanner: WLFIUSDT: 1.05%
2026-08-24 18:26:44 [INFO] telegram_bot: No symbols passed Condition 1
2026-08-24 18:31:44 [INFO] telegram_bot: Starting market scan...
2026-08-24 18:31:45 [INFO] binance_client: Found 474 trading symbols with USDT quote asset (excluding stablecoins)
2026-08-24 18:31:46 [INFO] binance_client: Filtered to 474 symbols from ticker data
2026-08-24 18:31:46 [INFO] binance_client: Top 50 symbols by 24hr quote volume
2026-08-24 18:31:46 [INFO] binance_client: #    Symbol       Quote Volume        
2026-08-24 18:31:46 [INFO] binance_client: ------------------------------------
2026-08-24 18:31:46 [INFO] binance_client: 1    BTCUSDT        2,335,378,964.06
2026-08-24 18:31:46 [INFO] binance_client: 2    ETHUSDT        1,229,084,811.48
2026-08-24 18:31:46 [INFO] binance_client: 3    XRPUSDT          401,422,846.64
2026-08-24 18:31:46 [INFO] binance_client: 4    SOLUSDT          398,019,252.65
2026-08-24 18:31:46 [INFO] binance_client: 5    ZECUSDT          246,448,222.49
2026-08-24 18:31:46 [INFO] binance_client: 6    BNBUSDT          132,173,262.81
2026-08-24 18:31:46 [INFO] binance_client: 7    PYTHUSDT         129,341,272.08
2026-08-24 18:31:46 [INFO] binance_client: 8    DOGEUSDT         106,879,825.64
2026-08-24 18:31:46 [INFO] binance_client: 9    TUTUSDT           95,992,357.52
2026-08-24 18:31:46 [INFO] binance_client: 10   SUIUSDT           84,455,067.06
2026-08-24 18:31:46 [INFO] binance_client: 11   TRUMPUSDT         71,310,731.73
2026-08-24 18:31:46 [INFO] binance_client: 12   ENAUSDT           70,445,185.80
2026-08-24 18:31:46 [INFO] binance_client: 13   NEARUSDT          68,873,150.93
2026-08-24 18:31:46 [INFO] binance_client: 14   PEPEUSDT          64,667,127.98
2026-08-24 18:31:46 [INFO] binance_client: 15   PUMPUSDT          58,071,576.81
2026-08-24 18:31:46 [INFO] binance_client: 16   AAVEUSDT          55,968,687.46
2026-08-24 18:31:46 [INFO] binance_client: 17   LINKUSDT          44,216,640.39
2026-08-24 18:31:46 [INFO] binance_client: 18   ADAUSDT           42,599,590.93
2026-08-24 18:31:46 [INFO] binance_client: 19   UNIUSDT           40,604,409.19
2026-08-24 18:31:46 [INFO] binance_client: 20   SNDKBUSDT         40,364,651.63
2026-08-24 18:31:46 [INFO] binance_client: 21   TAOUSDT           37,420,083.67
2026-08-24 18:31:46 [INFO] binance_client: 22   REUSDT            36,656,936.62
2026-08-24 18:31:46 [INFO] binance_client: 23   PENGUUSDT         34,765,516.51
2026-08-24 18:31:46 [INFO] binance_client: 24   LTCUSDT           33,374,241.61
2026-08-24 18:31:46 [INFO] binance_client: 25   XAUTUSDT          31,194,346.42
2026-08-24 18:31:46 [INFO] binance_client: 26   XLMUSDT           30,341,999.68
2026-08-24 18:31:46 [INFO] binance_client: 27   TRXUSDT           30,258,748.36
2026-08-24 18:31:46 [INFO] binance_client: 28   UUSDT             29,298,427.97
2026-08-24 18:31:46 [INFO] binance_client: 29   WLDUSDT           28,378,937.28
2026-08-24 18:31:46 [INFO] binance_client: 30   PAXGUSDT          22,679,300.25
2026-08-24 18:31:46 [INFO] binance_client: 31   AVAXUSDT          21,408,379.94
2026-08-24 18:31:46 [INFO] binance_client: 32   ONDOUSDT          21,082,648.30
2026-08-24 18:31:46 [INFO] binance_client: 33   MSTRBUSDT         20,887,907.08
2026-08-24 18:31:46 [INFO] binance_client: 34   VIRTUALUSDT       20,750,552.90
2026-08-24 18:31:46 [INFO] binance_client: 35   XPLUSDT           20,568,798.30
2026-08-24 18:31:46 [INFO] binance_client: 36   BCHUSDT           19,956,861.09
2026-08-24 18:31:46 [INFO] binance_client: 37   SPCXBUSDT         19,631,389.02
2026-08-24 18:31:46 [INFO] binance_client: 38   SPKUSDT           19,547,818.82
2026-08-24 18:31:46 [INFO] binance_client: 39   ASTERUSDT         18,786,747.60
2026-08-24 18:31:46 [INFO] binance_client: 40   PROMUSDT          18,740,025.61
2026-08-24 18:31:46 [INFO] binance_client: 41   INJUSDT           18,411,733.15
2026-08-24 18:31:46 [INFO] binance_client: 42   FETUSDT           17,838,196.19
2026-08-24 18:31:46 [INFO] binance_client: 43   POLUSDT           14,876,496.40
2026-08-24 18:31:46 [INFO] binance_client: 44   HBARUSDT          14,843,559.71
2026-08-24 18:31:46 [INFO] binance_client: 45   MORPHOUSDT        14,062,899.33
2026-08-24 18:31:46 [INFO] binance_client: 46   CRCLBUSDT         13,755,477.43
2026-08-24 18:31:46 [INFO] binance_client: 47   PORTALUSDT        13,707,080.70
2026-08-24 18:31:46 [INFO] binance_client: 48   DASHUSDT          13,048,203.98
2026-08-24 18:31:46 [INFO] binance_client: 49   ZAMAUSDT          12,687,947.96
2026-08-24 18:31:46 [INFO] binance_client: 50   WLFIUSDT          12,082,782.50
2026-08-24 18:31:46 [INFO] scanner: BTCUSDT: 0.60%
2026-08-24 18:31:46 [INFO] scanner: ETHUSDT: 0.86%
2026-08-24 18:31:47 [INFO] scanner: XRPUSDT: 1.23%
2026-08-24 18:31:47 [INFO] scanner: SOLUSDT: 1.43%
2026-08-24 18:31:47 [INFO] scanner: ZECUSDT: 1.27%
2026-08-24 18:31:48 [INFO] scanner: BNBUSDT: 0.73%
2026-08-24 18:31:48 [INFO] scanner: PYTHUSDT: 1.06%
2026-08-24 18:31:49 [INFO] scanner: DOGEUSDT: 1.22%
2026-08-24 18:31:49 [INFO] scanner: TUTUSDT: -0.83%
2026-08-24 18:31:50 [INFO] scanner: SUIUSDT: 1.52%
2026-08-24 18:31:50 [INFO] scanner: TRUMPUSDT: 0.90%
2026-08-24 18:31:51 [INFO] scanner: ENAUSDT: 0.07%
2026-08-24 18:31:51 [INFO] scanner: NEARUSDT: 1.59%
2026-08-24 18:31:52 [INFO] scanner: PEPEUSDT: 2.02%
2026-08-24 18:31:53 [INFO] scanner: PUMPUSDT: 3.67%
2026-08-24 18:31:53 [INFO] scanner: AAVEUSDT: 0.90%
2026-08-24 18:31:53 [INFO] scanner: LINKUSDT: 1.42%
2026-08-24 18:31:54 [INFO] scanner: ADAUSDT: 1.05%
2026-08-24 18:31:54 [INFO] scanner: UNIUSDT: 0.92%
2026-08-24 18:31:54 [INFO] scanner: SNDKBUSDT: 1.66%
2026-08-24 18:31:55 [INFO] scanner: TAOUSDT: 2.19%
2026-08-24 18:31:55 [INFO] scanner: REUSDT: -0.19%
2026-08-24 18:31:56 [INFO] scanner: PENGUUSDT: 2.19%
2026-08-24 18:31:56 [INFO] scanner: LTCUSDT: 0.70%
2026-08-24 18:31:56 [INFO] scanner: XAUTUSDT: 0.08%
2026-08-24 18:31:57 [INFO] scanner: XLMUSDT: 0.73%
2026-08-24 18:31:57 [INFO] scanner: TRXUSDT: 0.15%
2026-08-24 18:31:57 [INFO] scanner: UUSDT: 0.01%
2026-08-24 18:31:58 [INFO] scanner: WLDUSDT: 1.55%
2026-08-24 18:31:58 [INFO] scanner: PAXGUSDT: 0.05%
2026-08-24 18:31:59 [INFO] scanner: AVAXUSDT: 0.83%
2026-08-24 18:31:59 [INFO] scanner: ONDOUSDT: 1.68%
2026-08-24 18:32:00 [INFO] scanner: MSTRBUSDT: 0.74%
2026-08-24 18:32:00 [INFO] scanner: VIRTUALUSDT: 0.06%
2026-08-24 18:32:01 [INFO] scanner: XPLUSDT: 0.28%
2026-08-24 18:32:01 [INFO] scanner: BCHUSDT: 1.73%
2026-08-24 18:32:01 [INFO] scanner: SPCXBUSDT: 0.17%
2026-08-24 18:32:02 [INFO] scanner: SPKUSDT: -0.86%
2026-08-24 18:32:02 [INFO] scanner: ASTERUSDT: 1.33%
2026-08-24 18:32:02 [INFO] scanner: PROMUSDT: 1.28%
2026-08-24 18:32:03 [INFO] scanner: INJUSDT: 0.07%
2026-08-24 18:32:03 [INFO] scanner: FETUSDT: 0.88%
2026-08-24 18:32:04 [INFO] scanner: POLUSDT: -0.09%
2026-08-24 18:32:04 [INFO] scanner: HBARUSDT: 0.90%
2026-08-24 18:32:04 [INFO] scanner: MORPHOUSDT: -0.11%
2026-08-24 18:32:05 [INFO] scanner: CRCLBUSDT: -0.57%
2026-08-24 18:32:05 [INFO] scanner: PORTALUSDT: -3.88%
2026-08-24 18:32:05 [INFO] scanner: DASHUSDT: 3.05%
2026-08-24 18:32:06 [INFO] scanner: ZAMAUSDT: 0.41%
2026-08-24 18:32:06 [INFO] scanner: WLFIUSDT: 0.70%
2026-08-24 18:32:06 [INFO] telegram_bot: 2 symbol(s) passed Condition 1
2026-08-24 18:32:06 [INFO] telegram_bot: Alert sent for 2 symbol(s)
2026-08-24 18:33:33 [INFO] telegram_bot: Bot stopped
2026-08-24 18:47:30 [INFO] telegram_bot: Send /start to the bot to detect your chat ID
2026-08-24 18:47:36 [INFO] telegram_bot: Detected chat_id: 471974990
2026-08-24 18:47:36 [INFO] telegram_bot: Starting market scan...
2026-08-24 18:47:37 [INFO] binance_client: Found 474 trading symbols with USDT quote asset (excluding stablecoins)
2026-08-24 18:47:38 [INFO] binance_client: Filtered to 474 symbols from ticker data
2026-08-24 18:47:38 [INFO] binance_client: Top 50 symbols by 24hr quote volume
2026-08-24 18:47:38 [INFO] binance_client: #    Symbol       Quote Volume        
2026-08-24 18:47:38 [INFO] binance_client: ------------------------------------
2026-08-24 18:47:38 [INFO] binance_client: 1    BTCUSDT        2,343,080,712.22
2026-08-24 18:47:38 [INFO] binance_client: 2    ETHUSDT        1,233,146,666.88
2026-08-24 18:47:38 [INFO] binance_client: 3    XRPUSDT          403,696,187.05
2026-08-24 18:47:38 [INFO] binance_client: 4    SOLUSDT          400,141,340.17
2026-08-24 18:47:38 [INFO] binance_client: 5    ZECUSDT          244,604,478.22
2026-08-24 18:47:38 [INFO] binance_client: 6    BNBUSDT          132,098,893.62
2026-08-24 18:47:38 [INFO] binance_client: 7    PYTHUSDT         129,183,141.45
2026-08-24 18:47:38 [INFO] binance_client: 8    DOGEUSDT         107,070,178.79
2026-08-24 18:47:38 [INFO] binance_client: 9    TUTUSDT           95,999,989.21
2026-08-24 18:47:38 [INFO] binance_client: 10   SUIUSDT           82,833,297.20
2026-08-24 18:47:38 [INFO] binance_client: 11   TRUMPUSDT         71,132,009.79
2026-08-24 18:47:38 [INFO] binance_client: 12   ENAUSDT           70,439,197.40
2026-08-24 18:47:38 [INFO] binance_client: 13   NEARUSDT          69,024,014.98
2026-08-24 18:47:38 [INFO] binance_client: 14   PEPEUSDT          64,770,989.99
2026-08-24 18:47:38 [INFO] binance_client: 15   PUMPUSDT          58,285,010.79
2026-08-24 18:47:38 [INFO] binance_client: 16   AAVEUSDT          55,655,959.47
2026-08-24 18:47:38 [INFO] binance_client: 17   LINKUSDT          43,972,172.51
2026-08-24 18:47:38 [INFO] binance_client: 18   ADAUSDT           42,648,805.16
2026-08-24 18:47:38 [INFO] binance_client: 19   UNIUSDT           40,492,193.79
2026-08-24 18:47:38 [INFO] binance_client: 20   SNDKBUSDT         40,426,143.47
2026-08-24 18:47:38 [INFO] binance_client: 21   REUSDT            37,280,726.73
2026-08-24 18:47:38 [INFO] binance_client: 22   TAOUSDT           36,863,897.22
2026-08-24 18:47:38 [INFO] binance_client: 23   PENGUUSDT         34,422,559.97
2026-08-24 18:47:38 [INFO] binance_client: 24   LTCUSDT           33,425,240.60
2026-08-24 18:47:38 [INFO] binance_client: 25   XAUTUSDT          31,318,230.13
2026-08-24 18:47:38 [INFO] binance_client: 26   TRXUSDT           30,481,349.17
2026-08-24 18:47:38 [INFO] binance_client: 27   XLMUSDT           30,333,429.74
2026-08-24 18:47:38 [INFO] binance_client: 28   UUSDT             29,199,741.20
2026-08-24 18:47:38 [INFO] binance_client: 29   WLDUSDT           28,474,007.30
2026-08-24 18:47:38 [INFO] binance_client: 30   PAXGUSDT          22,705,257.17
2026-08-24 18:47:38 [INFO] binance_client: 31   AVAXUSDT          21,379,939.96
2026-08-24 18:47:38 [INFO] binance_client: 32   ONDOUSDT          21,173,177.25
2026-08-24 18:47:38 [INFO] binance_client: 33   MSTRBUSDT         20,929,772.86
2026-08-24 18:47:38 [INFO] binance_client: 34   VIRTUALUSDT       20,813,954.75
2026-08-24 18:47:38 [INFO] binance_client: 35   XPLUSDT           20,368,215.90
2026-08-24 18:47:38 [INFO] binance_client: 36   BCHUSDT           20,125,098.61
2026-08-24 18:47:38 [INFO] binance_client: 37   SPCXBUSDT         19,636,147.79
2026-08-24 18:47:38 [INFO] binance_client: 38   SPKUSDT           19,020,597.73
2026-08-24 18:47:38 [INFO] binance_client: 39   ASTERUSDT         18,839,549.89
2026-08-24 18:47:38 [INFO] binance_client: 40   PROMUSDT          18,761,028.90
2026-08-24 18:47:38 [INFO] binance_client: 41   INJUSDT           18,615,847.98
2026-08-24 18:47:38 [INFO] binance_client: 42   FETUSDT           17,909,853.25
2026-08-24 18:47:38 [INFO] binance_client: 43   HBARUSDT          15,033,046.26
2026-08-24 18:47:38 [INFO] binance_client: 44   POLUSDT           14,889,637.93
2026-08-24 18:47:38 [INFO] binance_client: 45   MORPHOUSDT        14,002,337.26
2026-08-24 18:47:38 [INFO] binance_client: 46   CRCLBUSDT         13,959,912.55
2026-08-24 18:47:38 [INFO] binance_client: 47   PORTALUSDT        13,780,347.57
2026-08-24 18:47:38 [INFO] binance_client: 48   DASHUSDT          12,800,720.14
2026-08-24 18:47:38 [INFO] binance_client: 49   ZAMAUSDT          12,475,801.86
2026-08-24 18:47:38 [INFO] binance_client: 50   WLFIUSDT          12,124,990.83
2026-08-24 18:47:39 [ERROR] telegram_bot: Bot error: name 'get_hourly_klines' is not defined
2026-08-24 18:47:44 [INFO] telegram_bot: Starting market scan...
2026-08-24 18:47:44 [INFO] binance_client: Found 474 trading symbols with USDT quote asset (excluding stablecoins)
2026-08-24 18:47:45 [INFO] binance_client: Filtered to 474 symbols from ticker data
2026-08-24 18:47:45 [INFO] binance_client: Top 50 symbols by 24hr quote volume
2026-08-24 18:47:45 [INFO] binance_client: #    Symbol       Quote Volume        
2026-08-24 18:47:45 [INFO] binance_client: ------------------------------------
2026-08-24 18:47:45 [INFO] binance_client: 1    BTCUSDT        2,343,170,390.41
2026-08-24 18:47:45 [INFO] binance_client: 2    ETHUSDT        1,233,225,150.20
2026-08-24 18:47:45 [INFO] binance_client: 3    XRPUSDT          403,738,231.66
2026-08-24 18:47:45 [INFO] binance_client: 4    SOLUSDT          400,155,272.21
2026-08-24 18:47:45 [INFO] binance_client: 5    ZECUSDT          244,572,644.14
2026-08-24 18:47:45 [INFO] binance_client: 6    BNBUSDT          132,102,598.28
2026-08-24 18:47:45 [INFO] binance_client: 7    PYTHUSDT         129,181,747.52
2026-08-24 18:47:45 [INFO] binance_client: 8    DOGEUSDT         107,072,808.90
2026-08-24 18:47:45 [INFO] binance_client: 9    TUTUSDT           95,999,648.42
2026-08-24 18:47:45 [INFO] binance_client: 10   SUIUSDT           82,835,089.49
2026-08-24 18:47:45 [INFO] binance_client: 11   TRUMPUSDT         71,133,191.83
2026-08-24 18:47:45 [INFO] binance_client: 12   ENAUSDT           70,439,829.81
2026-08-24 18:47:45 [INFO] binance_client: 13   NEARUSDT          69,034,804.83
2026-08-24 18:47:45 [INFO] binance_client: 14   PEPEUSDT          64,765,736.40
2026-08-24 18:47:45 [INFO] binance_client: 15   PUMPUSDT          58,289,041.76
2026-08-24 18:47:45 [INFO] binance_client: 16   AAVEUSDT          55,650,426.80
2026-08-24 18:47:45 [INFO] binance_client: 17   LINKUSDT          43,973,612.67
2026-08-24 18:47:45 [INFO] binance_client: 18   ADAUSDT           42,649,687.66
2026-08-24 18:47:45 [INFO] binance_client: 19   UNIUSDT           40,494,295.87
2026-08-24 18:47:45 [INFO] binance_client: 20   SNDKBUSDT         40,426,294.28
2026-08-24 18:47:45 [INFO] binance_client: 21   REUSDT            37,281,172.44
2026-08-24 18:47:45 [INFO] binance_client: 22   TAOUSDT           36,864,126.56
2026-08-24 18:47:45 [INFO] binance_client: 23   PENGUUSDT         34,432,577.74
2026-08-24 18:47:45 [INFO] binance_client: 24   LTCUSDT           33,426,195.66
2026-08-24 18:47:45 [INFO] binance_client: 25   XAUTUSDT          31,318,230.13
2026-08-24 18:47:45 [INFO] binance_client: 26   TRXUSDT           30,481,387.50
2026-08-24 18:47:45 [INFO] binance_client: 27   XLMUSDT           30,334,214.25
2026-08-24 18:47:45 [INFO] binance_client: 28   UUSDT             29,199,741.20
2026-08-24 18:47:45 [INFO] binance_client: 29   WLDUSDT           28,474,352.18
2026-08-24 18:47:45 [INFO] binance_client: 30   PAXGUSDT          22,705,234.13
2026-08-24 18:47:45 [INFO] binance_client: 31   AVAXUSDT          21,380,537.10
2026-08-24 18:47:45 [INFO] binance_client: 32   ONDOUSDT          21,176,362.32
2026-08-24 18:47:45 [INFO] binance_client: 33   MSTRBUSDT         20,929,772.86
2026-08-24 18:47:45 [INFO] binance_client: 34   VIRTUALUSDT       20,813,842.41
2026-08-24 18:47:45 [INFO] binance_client: 35   XPLUSDT           20,367,566.09
2026-08-24 18:47:45 [INFO] binance_client: 36   BCHUSDT           20,151,788.77
2026-08-24 18:47:45 [INFO] binance_client: 37   SPCXBUSDT         19,636,272.15
2026-08-24 18:47:45 [INFO] binance_client: 38   SPKUSDT           19,002,568.67
2026-08-24 18:47:45 [INFO] binance_client: 39   ASTERUSDT         18,839,549.89
2026-08-24 18:47:45 [INFO] binance_client: 40   PROMUSDT          18,761,175.22
2026-08-24 18:47:45 [INFO] binance_client: 41   INJUSDT           18,616,575.40
2026-08-24 18:47:45 [INFO] binance_client: 42   FETUSDT           17,904,056.09
2026-08-24 18:47:45 [INFO] binance_client: 43   HBARUSDT          15,033,566.55
2026-08-24 18:47:45 [INFO] binance_client: 44   POLUSDT           14,889,598.71
2026-08-24 18:47:45 [INFO] binance_client: 45   MORPHOUSDT        14,000,416.31
2026-08-24 18:47:45 [INFO] binance_client: 46   CRCLBUSDT         13,960,007.59
2026-08-24 18:47:45 [INFO] binance_client: 47   PORTALUSDT        13,780,657.56
2026-08-24 18:47:45 [INFO] binance_client: 48   DASHUSDT          12,801,190.89
2026-08-24 18:47:45 [INFO] binance_client: 49   ZAMAUSDT          12,473,438.49
2026-08-24 18:47:45 [INFO] binance_client: 50   WLFIUSDT          12,124,026.85
2026-08-24 18:47:45 [ERROR] telegram_bot: Market scan failed: name 'get_hourly_klines' is not defined
2026-08-24 18:49:01 [INFO] telegram_bot: Starting market scan...
2026-08-24 18:49:02 [INFO] binance_client: Found 474 trading symbols with USDT quote asset (excluding stablecoins)
2026-08-24 18:49:02 [INFO] binance_client: Filtered to 474 symbols from ticker data
2026-08-24 18:49:02 [INFO] binance_client: Top 50 symbols by 24hr quote volume
2026-08-24 18:49:02 [INFO] binance_client: #    Symbol       Quote Volume        
2026-08-24 18:49:02 [INFO] binance_client: ------------------------------------
2026-08-24 18:49:02 [INFO] binance_client: 1    BTCUSDT        2,343,327,745.33
2026-08-24 18:49:02 [INFO] binance_client: 2    ETHUSDT        1,233,651,244.47
2026-08-24 18:49:02 [INFO] binance_client: 3    XRPUSDT          403,746,384.55
2026-08-24 18:49:02 [INFO] binance_client: 4    SOLUSDT          400,158,032.69
2026-08-24 18:49:02 [INFO] binance_client: 5    ZECUSDT          243,440,580.02
2026-08-24 18:49:02 [INFO] binance_client: 6    BNBUSDT          132,086,196.44
2026-08-24 18:49:02 [INFO] binance_client: 7    PYTHUSDT         129,174,888.66
2026-08-24 18:49:02 [INFO] binance_client: 8    DOGEUSDT         107,096,094.90
2026-08-24 18:49:02 [INFO] binance_client: 9    TUTUSDT           96,003,857.10
2026-08-24 18:49:02 [INFO] binance_client: 10   SUIUSDT           82,821,541.89
2026-08-24 18:49:02 [INFO] binance_client: 11   TRUMPUSDT         71,127,461.88
2026-08-24 18:49:02 [INFO] binance_client: 12   ENAUSDT           70,419,309.65
2026-08-24 18:49:02 [INFO] binance_client: 13   NEARUSDT          69,049,877.34
2026-08-24 18:49:02 [INFO] binance_client: 14   PEPEUSDT          64,704,630.35
2026-08-24 18:49:02 [INFO] binance_client: 15   PUMPUSDT          58,319,994.20
2026-08-24 18:49:02 [INFO] binance_client: 16   AAVEUSDT          55,588,285.79
2026-08-24 18:49:02 [INFO] binance_client: 17   LINKUSDT          43,898,249.82
2026-08-24 18:49:02 [INFO] binance_client: 18   ADAUSDT           42,648,649.60
2026-08-24 18:49:02 [INFO] binance_client: 19   UNIUSDT           40,488,078.19
2026-08-24 18:49:02 [INFO] binance_client: 20   SNDKBUSDT         40,425,335.69
2026-08-24 18:49:02 [INFO] binance_client: 21   REUSDT            37,310,667.13
2026-08-24 18:49:02 [INFO] binance_client: 22   TAOUSDT           36,796,429.97
2026-08-24 18:49:02 [INFO] binance_client: 23   PENGUUSDT         34,394,303.46
2026-08-24 18:49:02 [INFO] binance_client: 24   LTCUSDT           33,427,699.40
2026-08-24 18:49:02 [INFO] binance_client: 25   XAUTUSDT          31,337,738.42
2026-08-24 18:49:02 [INFO] binance_client: 26   TRXUSDT           30,456,319.11
2026-08-24 18:49:02 [INFO] binance_client: 27   XLMUSDT           30,335,381.26
2026-08-24 18:49:02 [INFO] binance_client: 28   UUSDT             29,192,560.39
2026-08-24 18:49:02 [INFO] binance_client: 29   WLDUSDT           28,478,373.55
2026-08-24 18:49:02 [INFO] binance_client: 30   PAXGUSDT          22,729,475.11
2026-08-24 18:49:02 [INFO] binance_client: 31   AVAXUSDT          21,380,222.34
2026-08-24 18:49:02 [INFO] binance_client: 32   ONDOUSDT          21,184,296.90
2026-08-24 18:49:02 [INFO] binance_client: 33   MSTRBUSDT         20,932,511.73
2026-08-24 18:49:02 [INFO] binance_client: 34   VIRTUALUSDT       20,815,027.79
2026-08-24 18:49:02 [INFO] binance_client: 35   XPLUSDT           20,366,125.40
2026-08-24 18:49:02 [INFO] binance_client: 36   BCHUSDT           20,135,340.37
2026-08-24 18:49:02 [INFO] binance_client: 37   SPCXBUSDT         19,646,913.71
2026-08-24 18:49:02 [INFO] binance_client: 38   ASTERUSDT         18,839,517.75
2026-08-24 18:49:02 [INFO] binance_client: 39   SPKUSDT           18,810,608.79
2026-08-24 18:49:02 [INFO] binance_client: 40   PROMUSDT          18,773,548.54
2026-08-24 18:49:02 [INFO] binance_client: 41   INJUSDT           18,622,515.60
2026-08-24 18:49:02 [INFO] binance_client: 42   FETUSDT           17,902,387.66
2026-08-24 18:49:02 [INFO] binance_client: 43   HBARUSDT          15,041,695.44
2026-08-24 18:49:02 [INFO] binance_client: 44   POLUSDT           14,917,326.66
2026-08-24 18:49:02 [INFO] binance_client: 45   MORPHOUSDT        13,993,826.54
2026-08-24 18:49:02 [INFO] binance_client: 46   CRCLBUSDT         13,961,377.44
2026-08-24 18:49:02 [INFO] binance_client: 47   PORTALUSDT        13,782,491.27
2026-08-24 18:49:02 [INFO] binance_client: 48   DASHUSDT          12,795,814.59
2026-08-24 18:49:02 [INFO] binance_client: 49   ZAMAUSDT          12,435,073.95
2026-08-24 18:49:02 [INFO] binance_client: 50   WLFIUSDT          12,127,886.08
2026-08-24 18:49:03 [ERROR] telegram_bot: Market scan failed: name 'get_hourly_klines' is not defined
2026-08-24 18:49:26 [INFO] telegram_bot: Bot stopped
2026-08-24 18:50:38 [INFO] telegram_bot: Send /start to the bot to detect your chat ID
2026-08-24 18:50:42 [INFO] telegram_bot: Detected chat_id: 471974990
2026-08-24 18:50:42 [INFO] telegram_bot: Starting market scan...
2026-08-24 18:50:43 [INFO] binance_client: Found 474 trading symbols with USDT quote asset (excluding stablecoins)
2026-08-24 18:50:43 [INFO] binance_client: Filtered to 474 symbols from ticker data
2026-08-24 18:50:43 [INFO] binance_client: Top 50 symbols by 24hr quote volume
2026-08-24 18:50:43 [INFO] binance_client: #    Symbol       Quote Volume        
2026-08-24 18:50:43 [INFO] binance_client: ------------------------------------
2026-08-24 18:50:43 [INFO] binance_client: 1    BTCUSDT        2,343,753,783.81
2026-08-24 18:50:43 [INFO] binance_client: 2    ETHUSDT        1,233,984,432.69
2026-08-24 18:50:43 [INFO] binance_client: 3    XRPUSDT          403,869,680.16
2026-08-24 18:50:43 [INFO] binance_client: 4    SOLUSDT          400,209,189.97
2026-08-24 18:50:43 [INFO] binance_client: 5    ZECUSDT          243,411,381.17
2026-08-24 18:50:43 [INFO] binance_client: 6    BNBUSDT          132,265,884.57
2026-08-24 18:50:43 [INFO] binance_client: 7    PYTHUSDT         129,156,644.98
2026-08-24 18:50:43 [INFO] binance_client: 8    DOGEUSDT         107,107,490.35
2026-08-24 18:50:43 [INFO] binance_client: 9    TUTUSDT           96,006,607.80
2026-08-24 18:50:43 [INFO] binance_client: 10   SUIUSDT           82,798,192.10
2026-08-24 18:50:43 [INFO] binance_client: 11   TRUMPUSDT         71,072,290.33
2026-08-24 18:50:43 [INFO] binance_client: 12   ENAUSDT           70,350,025.15
2026-08-24 18:50:43 [INFO] binance_client: 13   NEARUSDT          69,053,130.92
2026-08-24 18:50:43 [INFO] binance_client: 14   PEPEUSDT          64,719,159.64
2026-08-24 18:50:43 [INFO] binance_client: 15   PUMPUSDT          58,331,132.68
2026-08-24 18:50:43 [INFO] binance_client: 16   AAVEUSDT          55,461,201.65
2026-08-24 18:50:43 [INFO] binance_client: 17   LINKUSDT          43,907,405.48
2026-08-24 18:50:43 [INFO] binance_client: 18   ADAUSDT           42,641,909.90
2026-08-24 18:50:43 [INFO] binance_client: 19   UNIUSDT           40,488,642.07
2026-08-24 18:50:43 [INFO] binance_client: 20   SNDKBUSDT         40,438,441.09
2026-08-24 18:50:43 [INFO] binance_client: 21   REUSDT            37,336,260.63
2026-08-24 18:50:43 [INFO] binance_client: 22   TAOUSDT           36,694,189.25
2026-08-24 18:50:43 [INFO] binance_client: 23   PENGUUSDT         34,346,816.75
2026-08-24 18:50:43 [INFO] binance_client: 24   LTCUSDT           33,413,572.14
2026-08-24 18:50:43 [INFO] binance_client: 25   XAUTUSDT          31,338,839.19
2026-08-24 18:50:43 [INFO] binance_client: 26   TRXUSDT           30,463,556.94
2026-08-24 18:50:43 [INFO] binance_client: 27   XLMUSDT           30,333,612.67
2026-08-24 18:50:43 [INFO] binance_client: 28   UUSDT             29,193,509.18
2026-08-24 18:50:43 [INFO] binance_client: 29   WLDUSDT           28,485,828.15
2026-08-24 18:50:43 [INFO] binance_client: 30   PAXGUSDT          22,742,924.92
2026-08-24 18:50:43 [INFO] binance_client: 31   AVAXUSDT          21,383,961.42
2026-08-24 18:50:43 [INFO] binance_client: 32   ONDOUSDT          21,197,482.01
2026-08-24 18:50:43 [INFO] binance_client: 33   MSTRBUSDT         20,934,777.62
2026-08-24 18:50:43 [INFO] binance_client: 34   VIRTUALUSDT       20,819,351.68
2026-08-24 18:50:43 [INFO] binance_client: 35   XPLUSDT           20,358,959.08
2026-08-24 18:50:43 [INFO] binance_client: 36   BCHUSDT           20,129,206.54
2026-08-24 18:50:43 [INFO] binance_client: 37   SPCXBUSDT         19,659,967.73
2026-08-24 18:50:43 [INFO] binance_client: 38   ASTERUSDT         18,832,282.43
2026-08-24 18:50:43 [INFO] binance_client: 39   PROMUSDT          18,774,196.62
2026-08-24 18:50:43 [INFO] binance_client: 40   SPKUSDT           18,755,166.98
2026-08-24 18:50:43 [INFO] binance_client: 41   INJUSDT           18,625,229.14
2026-08-24 18:50:43 [INFO] binance_client: 42   FETUSDT           17,902,248.59
2026-08-24 18:50:43 [INFO] binance_client: 43   HBARUSDT          15,030,676.82
2026-08-24 18:50:43 [INFO] binance_client: 44   POLUSDT           14,941,493.03
2026-08-24 18:50:43 [INFO] binance_client: 45   MORPHOUSDT        13,979,619.78
2026-08-24 18:50:43 [INFO] binance_client: 46   CRCLBUSDT         13,963,620.47
2026-08-24 18:50:43 [INFO] binance_client: 47   PORTALUSDT        13,782,055.62
2026-08-24 18:50:43 [INFO] binance_client: 48   DASHUSDT          12,791,925.79
2026-08-24 18:50:43 [INFO] binance_client: 49   ZAMAUSDT          12,397,550.75
2026-08-24 18:50:43 [INFO] binance_client: 50   WLFIUSDT          12,128,280.36
2026-08-24 18:50:44 [ERROR] telegram_bot: Bot error: name 'calculate_volume_spike' is not defined
2026-08-24 18:50:49 [INFO] telegram_bot: Starting market scan...
2026-08-24 18:50:50 [INFO] binance_client: Found 474 trading symbols with USDT quote asset (excluding stablecoins)
2026-08-24 18:50:51 [INFO] binance_client: Filtered to 474 symbols from ticker data
2026-08-24 18:50:51 [INFO] binance_client: Top 50 symbols by 24hr quote volume
2026-08-24 18:50:51 [INFO] binance_client: #    Symbol       Quote Volume        
2026-08-24 18:50:51 [INFO] binance_client: ------------------------------------
2026-08-24 18:50:51 [INFO] binance_client: 1    BTCUSDT        2,343,821,303.36
2026-08-24 18:50:51 [INFO] binance_client: 2    ETHUSDT        1,233,962,718.81
2026-08-24 18:50:51 [INFO] binance_client: 3    XRPUSDT          403,873,977.78
2026-08-24 18:50:51 [INFO] binance_client: 4    SOLUSDT          400,206,441.08
2026-08-24 18:50:51 [INFO] binance_client: 5    ZECUSDT          243,413,994.44
2026-08-24 18:50:51 [INFO] binance_client: 6    BNBUSDT          132,261,673.53
2026-08-24 18:50:51 [INFO] binance_client: 7    PYTHUSDT         129,154,537.09
2026-08-24 18:50:51 [INFO] binance_client: 8    DOGEUSDT         107,104,151.95
2026-08-24 18:50:51 [INFO] binance_client: 9    TUTUSDT           96,011,591.59
2026-08-24 18:50:51 [INFO] binance_client: 10   SUIUSDT           82,796,197.13
2026-08-24 18:50:51 [INFO] binance_client: 11   TRUMPUSDT         71,065,480.78
2026-08-24 18:50:51 [INFO] binance_client: 12   ENAUSDT           70,351,799.90
2026-08-24 18:50:51 [INFO] binance_client: 13   NEARUSDT          69,052,716.82
2026-08-24 18:50:51 [INFO] binance_client: 14   PEPEUSDT          64,709,149.71
2026-08-24 18:50:51 [INFO] binance_client: 15   PUMPUSDT          58,325,509.77
2026-08-24 18:50:51 [INFO] binance_client: 16   AAVEUSDT          55,455,673.37
2026-08-24 18:50:51 [INFO] binance_client: 17   LINKUSDT          43,902,834.32
2026-08-24 18:50:51 [INFO] binance_client: 18   ADAUSDT           42,640,147.67
2026-08-24 18:50:51 [INFO] binance_client: 19   UNIUSDT           40,489,115.88
2026-08-24 18:50:51 [INFO] binance_client: 20   SNDKBUSDT         40,436,591.77
2026-08-24 18:50:51 [INFO] binance_client: 21   REUSDT            37,337,234.75
2026-08-24 18:50:51 [INFO] binance_client: 22   TAOUSDT           36,691,000.02
2026-08-24 18:50:51 [INFO] binance_client: 23   PENGUUSDT         34,346,228.27
2026-08-24 18:50:51 [INFO] binance_client: 24   LTCUSDT           33,412,872.09
2026-08-24 18:50:51 [INFO] binance_client: 25   XAUTUSDT          31,338,505.55
2026-08-24 18:50:51 [INFO] binance_client: 26   TRXUSDT           30,463,585.81
2026-08-24 18:50:51 [INFO] binance_client: 27   XLMUSDT           30,332,529.60
2026-08-24 18:50:51 [INFO] binance_client: 28   UUSDT             29,193,500.10
2026-08-24 18:50:51 [INFO] binance_client: 29   WLDUSDT           28,485,398.49
2026-08-24 18:50:51 [INFO] binance_client: 30   PAXGUSDT          22,742,740.60
2026-08-24 18:50:51 [INFO] binance_client: 31   AVAXUSDT          21,383,292.13
2026-08-24 18:50:51 [INFO] binance_client: 32   ONDOUSDT          21,206,865.95
2026-08-24 18:50:51 [INFO] binance_client: 33   MSTRBUSDT         20,934,939.01
2026-08-24 18:50:51 [INFO] binance_client: 34   VIRTUALUSDT       20,819,971.81
2026-08-24 18:50:51 [INFO] binance_client: 35   XPLUSDT           20,358,900.18
2026-08-24 18:50:51 [INFO] binance_client: 36   BCHUSDT           20,129,155.94
2026-08-24 18:50:51 [INFO] binance_client: 37   SPCXBUSDT         19,659,967.73
2026-08-24 18:50:51 [INFO] binance_client: 38   ASTERUSDT         18,832,282.43
2026-08-24 18:50:51 [INFO] binance_client: 39   PROMUSDT          18,774,216.04
2026-08-24 18:50:51 [INFO] binance_client: 40   SPKUSDT           18,755,230.41
2026-08-24 18:50:51 [INFO] binance_client: 41   INJUSDT           18,625,528.36
2026-08-24 18:50:51 [INFO] binance_client: 42   FETUSDT           17,902,613.21
2026-08-24 18:50:51 [INFO] binance_client: 43   HBARUSDT          15,029,156.05
2026-08-24 18:50:51 [INFO] binance_client: 44   POLUSDT           14,941,454.07
2026-08-24 18:50:51 [INFO] binance_client: 45   MORPHOUSDT        13,979,602.48
2026-08-24 18:50:51 [INFO] binance_client: 46   CRCLBUSDT         13,964,842.66
2026-08-24 18:50:51 [INFO] binance_client: 47   PORTALUSDT        13,782,066.12
2026-08-24 18:50:51 [INFO] binance_client: 48   DASHUSDT          12,792,176.03
2026-08-24 18:50:51 [INFO] binance_client: 49   ZAMAUSDT          12,395,042.06
2026-08-24 18:50:51 [INFO] binance_client: 50   WLFIUSDT          12,128,280.36
2026-08-24 18:50:51 [ERROR] telegram_bot: Market scan failed: name 'calculate_volume_spike' is not defined
2026-08-24 18:51:49 [INFO] telegram_bot: Bot stopped
2026-08-24 18:51:50 [INFO] telegram_bot: Send /start to the bot to detect your chat ID
2026-08-24 18:51:56 [INFO] telegram_bot: Detected chat_id: 471974990
2026-08-24 18:51:56 [INFO] telegram_bot: Starting market scan...
2026-08-24 18:51:57 [INFO] binance_client: Found 474 trading symbols with USDT quote asset (excluding stablecoins)
2026-08-24 18:51:59 [INFO] binance_client: Filtered to 474 symbols from ticker data
2026-08-24 18:51:59 [INFO] binance_client: Top 50 symbols by 24hr quote volume
2026-08-24 18:51:59 [INFO] binance_client: #    Symbol       Quote Volume        
2026-08-24 18:51:59 [INFO] binance_client: ------------------------------------
2026-08-24 18:51:59 [INFO] binance_client: 1    BTCUSDT        2,343,922,557.03
2026-08-24 18:51:59 [INFO] binance_client: 2    ETHUSDT        1,234,190,375.24
2026-08-24 18:51:59 [INFO] binance_client: 3    XRPUSDT          403,873,883.31
2026-08-24 18:51:59 [INFO] binance_client: 4    SOLUSDT          400,347,255.38
2026-08-24 18:51:59 [INFO] binance_client: 5    ZECUSDT          243,669,137.90
2026-08-24 18:51:59 [INFO] binance_client: 6    BNBUSDT          132,257,032.68
2026-08-24 18:51:59 [INFO] binance_client: 7    PYTHUSDT         129,148,709.82
2026-08-24 18:51:59 [INFO] binance_client: 8    DOGEUSDT         107,047,697.39
2026-08-24 18:51:59 [INFO] binance_client: 9    TUTUSDT           95,997,007.38
2026-08-24 18:51:59 [INFO] binance_client: 10   SUIUSDT           82,738,877.80
2026-08-24 18:51:59 [INFO] binance_client: 11   TRUMPUSDT         71,022,221.17
2026-08-24 18:51:59 [INFO] binance_client: 12   ENAUSDT           70,330,952.49
2026-08-24 18:51:59 [INFO] binance_client: 13   NEARUSDT          69,044,582.60
2026-08-24 18:51:59 [INFO] binance_client: 14   PEPEUSDT          64,708,429.37
2026-08-24 18:51:59 [INFO] binance_client: 15   PUMPUSDT          58,338,795.16
2026-08-24 18:51:59 [INFO] binance_client: 16   AAVEUSDT          55,411,182.83
2026-08-24 18:51:59 [INFO] binance_client: 17   LINKUSDT          43,949,191.96
2026-08-24 18:51:59 [INFO] binance_client: 18   ADAUSDT           42,639,176.27
2026-08-24 18:51:59 [INFO] binance_client: 19   UNIUSDT           40,476,142.06
2026-08-24 18:51:59 [INFO] binance_client: 20   SNDKBUSDT         40,437,853.76
2026-08-24 18:51:59 [INFO] binance_client: 21   REUSDT            37,390,852.68
2026-08-24 18:51:59 [INFO] binance_client: 22   TAOUSDT           36,675,497.02
2026-08-24 18:51:59 [INFO] binance_client: 23   PENGUUSDT         34,327,362.48
2026-08-24 18:51:59 [INFO] binance_client: 24   LTCUSDT           33,421,293.72
2026-08-24 18:51:59 [INFO] binance_client: 25   XAUTUSDT          31,338,420.22
2026-08-24 18:51:59 [INFO] binance_client: 26   TRXUSDT           30,454,912.95
2026-08-24 18:51:59 [INFO] binance_client: 27   XLMUSDT           30,350,852.74
2026-08-24 18:51:59 [INFO] binance_client: 28   UUSDT             29,195,697.86
2026-08-24 18:51:59 [INFO] binance_client: 29   WLDUSDT           28,472,863.90
2026-08-24 18:51:59 [INFO] binance_client: 30   PAXGUSDT          22,742,294.54
2026-08-24 18:51:59 [INFO] binance_client: 31   AVAXUSDT          21,391,602.34
2026-08-24 18:51:59 [INFO] binance_client: 32   ONDOUSDT          21,271,919.76
2026-08-24 18:51:59 [INFO] binance_client: 33   MSTRBUSDT         20,939,742.78
2026-08-24 18:51:59 [INFO] binance_client: 34   VIRTUALUSDT       20,820,397.59
2026-08-24 18:51:59 [INFO] binance_client: 35   XPLUSDT           20,353,814.21
2026-08-24 18:51:59 [INFO] binance_client: 36   BCHUSDT           20,131,535.85
2026-08-24 18:51:59 [INFO] binance_client: 37   SPCXBUSDT         19,660,621.59
2026-08-24 18:51:59 [INFO] binance_client: 38   ASTERUSDT         18,828,664.85
2026-08-24 18:51:59 [INFO] binance_client: 39   PROMUSDT          18,776,211.11
2026-08-24 18:51:59 [INFO] binance_client: 40   SPKUSDT           18,722,802.46
2026-08-24 18:51:59 [INFO] binance_client: 41   INJUSDT           18,653,514.68
2026-08-24 18:51:59 [INFO] binance_client: 42   FETUSDT           17,903,037.66
2026-08-24 18:51:59 [INFO] binance_client: 43   HBARUSDT          15,037,743.42
2026-08-24 18:51:59 [INFO] binance_client: 44   POLUSDT           14,950,632.36
2026-08-24 18:51:59 [INFO] binance_client: 45   MORPHOUSDT        13,977,051.00
2026-08-24 18:51:59 [INFO] binance_client: 46   CRCLBUSDT         13,968,803.82
2026-08-24 18:51:59 [INFO] binance_client: 47   PORTALUSDT        13,781,478.45
2026-08-24 18:51:59 [INFO] binance_client: 48   DASHUSDT          12,783,177.54
2026-08-24 18:51:59 [INFO] binance_client: 49   ZAMAUSDT          12,373,421.89
2026-08-24 18:51:59 [INFO] binance_client: 50   WLFIUSDT          12,132,944.03
2026-08-24 18:52:29 [INFO] telegram_bot: No symbols passed Condition 1
2026-08-24 18:54:13 [INFO] telegram_bot: Bot stopped
2026-08-24 18:54:22 [INFO] telegram_bot: Send /start to the bot to detect your chat ID
2026-08-24 18:54:24 [INFO] telegram_bot: Detected chat_id: 471974990
2026-08-24 18:54:24 [INFO] telegram_bot: Starting market scan...
2026-08-24 18:54:26 [INFO] binance_client: Found 474 trading symbols with USDT quote asset (excluding stablecoins)
2026-08-24 18:54:26 [INFO] binance_client: Filtered to 474 symbols from ticker data
2026-08-24 18:54:26 [INFO] binance_client: Top 50 symbols by 24hr quote volume
2026-08-24 18:54:26 [INFO] binance_client: #    Symbol       Quote Volume        
2026-08-24 18:54:26 [INFO] binance_client: ------------------------------------
2026-08-24 18:54:26 [INFO] binance_client: 1    BTCUSDT        2,345,861,127.72
2026-08-24 18:54:26 [INFO] binance_client: 2    ETHUSDT        1,237,478,822.48
2026-08-24 18:54:26 [INFO] binance_client: 3    XRPUSDT          404,865,088.15
2026-08-24 18:54:26 [INFO] binance_client: 4    SOLUSDT          401,042,302.56
2026-08-24 18:54:26 [INFO] binance_client: 5    ZECUSDT          244,542,914.16
2026-08-24 18:54:26 [INFO] binance_client: 6    BNBUSDT          132,220,092.95
2026-08-24 18:54:26 [INFO] binance_client: 7    PYTHUSDT         129,119,891.16
2026-08-24 18:54:26 [INFO] binance_client: 8    DOGEUSDT         107,165,004.37
2026-08-24 18:54:26 [INFO] binance_client: 9    TUTUSDT           95,959,503.58
2026-08-24 18:54:26 [INFO] binance_client: 10   SUIUSDT           85,205,838.27
2026-08-24 18:54:26 [INFO] binance_client: 11   TRUMPUSDT         71,095,682.28
2026-08-24 18:54:26 [INFO] binance_client: 12   ENAUSDT           70,338,201.54
2026-08-24 18:54:26 [INFO] binance_client: 13   NEARUSDT          69,117,101.64
2026-08-24 18:54:26 [INFO] binance_client: 14   PEPEUSDT          64,870,647.22
2026-08-24 18:54:26 [INFO] binance_client: 15   PUMPUSDT          58,413,633.23
2026-08-24 18:54:26 [INFO] binance_client: 16   AAVEUSDT          55,321,534.82
2026-08-24 18:54:26 [INFO] binance_client: 17   LINKUSDT          43,892,759.08
2026-08-24 18:54:26 [INFO] binance_client: 18   ADAUSDT           42,691,758.26
2026-08-24 18:54:26 [INFO] binance_client: 19   UNIUSDT           40,484,454.82
2026-08-24 18:54:26 [INFO] binance_client: 20   SNDKBUSDT         40,436,737.59
2026-08-24 18:54:26 [INFO] binance_client: 21   REUSDT            37,438,089.32
2026-08-24 18:54:26 [INFO] binance_client: 22   TAOUSDT           36,519,498.93
2026-08-24 18:54:26 [INFO] binance_client: 23   PENGUUSDT         34,323,484.08
2026-08-24 18:54:26 [INFO] binance_client: 24   LTCUSDT           33,448,102.65
2026-08-24 18:54:26 [INFO] binance_client: 25   XAUTUSDT          31,354,101.89
2026-08-24 18:54:26 [INFO] binance_client: 26   TRXUSDT           30,458,616.34
2026-08-24 18:54:26 [INFO] binance_client: 27   XLMUSDT           30,442,926.18
2026-08-24 18:54:26 [INFO] binance_client: 28   UUSDT             29,458,868.98
2026-08-24 18:54:26 [INFO] binance_client: 29   WLDUSDT           28,502,024.11
2026-08-24 18:54:26 [INFO] binance_client: 30   PAXGUSDT          22,740,037.63
2026-08-24 18:54:26 [INFO] binance_client: 31   AVAXUSDT          21,463,628.10
2026-08-24 18:54:26 [INFO] binance_client: 32   ONDOUSDT          21,304,342.63
2026-08-24 18:54:26 [INFO] binance_client: 33   MSTRBUSDT         20,945,789.35
2026-08-24 18:54:26 [INFO] binance_client: 34   VIRTUALUSDT       20,780,887.82
2026-08-24 18:54:26 [INFO] binance_client: 35   XPLUSDT           20,362,283.66
2026-08-24 18:54:26 [INFO] binance_client: 36   BCHUSDT           20,144,525.54
2026-08-24 18:54:26 [INFO] binance_client: 37   SPCXBUSDT         19,660,439.68
2026-08-24 18:54:26 [INFO] binance_client: 38   ASTERUSDT         18,827,026.20
2026-08-24 18:54:26 [INFO] binance_client: 39   PROMUSDT          18,779,208.80
2026-08-24 18:54:26 [INFO] binance_client: 40   SPKUSDT           18,680,147.96
2026-08-24 18:54:26 [INFO] binance_client: 41   INJUSDT           18,671,823.68
2026-08-24 18:54:26 [INFO] binance_client: 42   FETUSDT           17,915,799.00
2026-08-24 18:54:26 [INFO] binance_client: 43   HBARUSDT          15,080,818.93
2026-08-24 18:54:26 [INFO] binance_client: 44   POLUSDT           14,964,429.10
2026-08-24 18:54:26 [INFO] binance_client: 45   CRCLBUSDT         13,973,956.81
2026-08-24 18:54:26 [INFO] binance_client: 46   MORPHOUSDT        13,960,205.86
2026-08-24 18:54:26 [INFO] binance_client: 47   PORTALUSDT        13,781,982.69
2026-08-24 18:54:26 [INFO] binance_client: 48   DASHUSDT          12,793,283.07
2026-08-24 18:54:26 [INFO] binance_client: 49   ZAMAUSDT          12,368,982.08
2026-08-24 18:54:26 [INFO] binance_client: 50   WLFIUSDT          12,152,177.06
2026-08-24 18:54:26 [INFO] scanner: Checking BTCUSDT...
2026-08-24 18:54:27 [INFO] scanner: BTCUSDT: 0.40% price, 0.27x volume
2026-08-24 18:54:27 [INFO] scanner: Checking ETHUSDT...
2026-08-24 18:54:27 [INFO] scanner: ETHUSDT: 0.57% price, 0.45x volume
2026-08-24 18:54:27 [INFO] scanner: Checking XRPUSDT...
2026-08-24 18:54:28 [INFO] scanner: XRPUSDT: -0.03% price, 0.52x volume
2026-08-24 18:54:28 [INFO] scanner: Checking SOLUSDT...
2026-08-24 18:54:29 [INFO] scanner: SOLUSDT: 1.03% price, 0.70x volume
2026-08-24 18:54:29 [INFO] scanner: Checking ZECUSDT...
2026-08-24 18:54:29 [INFO] scanner: ZECUSDT: -0.25% price, 0.62x volume
2026-08-24 18:54:29 [INFO] scanner: Checking BNBUSDT...
2026-08-24 18:54:30 [INFO] scanner: BNBUSDT: 0.28% price, 0.24x volume
2026-08-24 18:54:30 [INFO] scanner: Checking PYTHUSDT...
2026-08-24 18:54:30 [INFO] scanner: PYTHUSDT: 0.31% price, 0.39x volume
2026-08-24 18:54:30 [INFO] scanner: Checking DOGEUSDT...
2026-08-24 18:54:31 [INFO] scanner: DOGEUSDT: 0.75% price, 0.42x volume
2026-08-24 18:54:31 [INFO] scanner: Checking TUTUSDT...
2026-08-24 18:54:32 [INFO] scanner: TUTUSDT: -0.61% price, 0.28x volume
2026-08-24 18:54:32 [INFO] scanner: Checking SUIUSDT...
2026-08-24 18:54:32 [INFO] scanner: SUIUSDT: 0.81% price, 1.08x volume
2026-08-24 18:54:32 [INFO] scanner: Checking TRUMPUSDT...
2026-08-24 18:54:33 [INFO] scanner: TRUMPUSDT: -0.20% price, 0.31x volume
2026-08-24 18:54:33 [INFO] scanner: Checking ENAUSDT...
2026-08-24 18:54:33 [INFO] scanner: ENAUSDT: -0.65% price, 0.32x volume
2026-08-24 18:54:33 [INFO] scanner: Checking NEARUSDT...
2026-08-24 18:54:34 [INFO] scanner: NEARUSDT: 0.31% price, 0.54x volume
2026-08-24 18:54:34 [INFO] scanner: Checking PEPEUSDT...
2026-08-24 18:54:35 [INFO] scanner: PEPEUSDT: 1.00% price, 0.37x volume
2026-08-24 18:54:35 [INFO] scanner: Checking PUMPUSDT...
2026-08-24 18:54:35 [INFO] scanner: PUMPUSDT: 0.73% price, 0.79x volume
2026-08-24 18:54:35 [INFO] scanner: Checking AAVEUSDT...
2026-08-24 18:54:36 [INFO] scanner: AAVEUSDT: 0.67% price, 0.24x volume
2026-08-24 18:54:36 [INFO] scanner: Checking LINKUSDT...
2026-08-24 18:54:36 [INFO] scanner: LINKUSDT: 1.22% price, 0.33x volume
2026-08-24 18:54:36 [INFO] scanner: Checking ADAUSDT...
2026-08-24 18:54:37 [INFO] scanner: ADAUSDT: 1.05% price, 0.36x volume
2026-08-24 18:54:37 [INFO] scanner: Checking UNIUSDT...
2026-08-24 18:54:38 [INFO] scanner: UNIUSDT: 0.28% price, 0.34x volume
2026-08-24 18:54:38 [INFO] scanner: Checking SNDKBUSDT...
2026-08-24 18:54:38 [INFO] scanner: SNDKBUSDT: 1.11% price, 0.10x volume
2026-08-24 18:54:38 [INFO] scanner: Checking REUSDT...
2026-08-24 18:54:39 [INFO] scanner: REUSDT: 0.17% price, 1.14x volume
2026-08-24 18:54:39 [INFO] scanner: Checking TAOUSDT...
2026-08-24 18:54:39 [INFO] scanner: TAOUSDT: 1.09% price, 0.40x volume
2026-08-24 18:54:40 [INFO] scanner: Checking PENGUUSDT...
2026-08-24 18:54:40 [INFO] scanner: PENGUUSDT: 1.28% price, 0.44x volume
2026-08-24 18:54:40 [INFO] scanner: Checking LTCUSDT...
2026-08-24 18:54:41 [INFO] scanner: LTCUSDT: 0.12% price, 0.30x volume
2026-08-24 18:54:41 [INFO] scanner: Checking XAUTUSDT...
2026-08-24 18:54:41 [INFO] scanner: XAUTUSDT: -0.00% price, 0.49x volume
2026-08-24 18:54:41 [INFO] scanner: Checking TRXUSDT...
2026-08-24 18:54:42 [INFO] scanner: TRXUSDT: 0.23% price, 0.43x volume
2026-08-24 18:54:42 [INFO] scanner: Checking XLMUSDT...
2026-08-24 18:54:42 [INFO] scanner: XLMUSDT: 0.10% price, 0.35x volume
2026-08-24 18:54:43 [INFO] scanner: Checking UUSDT...
2026-08-24 18:54:43 [INFO] scanner: UUSDT: -0.01% price, 0.19x volume
2026-08-24 18:54:43 [INFO] scanner: Checking WLDUSDT...
2026-08-24 18:54:44 [INFO] scanner: WLDUSDT: -0.25% price, 0.67x volume
2026-08-24 18:54:44 [INFO] scanner: Checking PAXGUSDT...
2026-08-24 18:54:44 [INFO] scanner: PAXGUSDT: -0.04% price, 0.47x volume
2026-08-24 18:54:44 [INFO] scanner: Checking AVAXUSDT...
2026-08-24 18:54:45 [INFO] scanner: AVAXUSDT: 0.08% price, 0.33x volume
2026-08-24 18:54:45 [INFO] scanner: Checking ONDOUSDT...
2026-08-24 18:54:45 [INFO] scanner: ONDOUSDT: 2.40% price, 0.85x volume
2026-08-24 18:54:46 [INFO] scanner: Checking MSTRBUSDT...
2026-08-24 18:54:46 [INFO] scanner: MSTRBUSDT: 0.80% price, 0.05x volume
2026-08-24 18:54:46 [INFO] scanner: Checking VIRTUALUSDT...
2026-08-24 18:54:47 [INFO] scanner: VIRTUALUSDT: -0.22% price, 0.15x volume
2026-08-24 18:54:47 [INFO] scanner: Checking XPLUSDT...
2026-08-24 18:54:47 [INFO] scanner: XPLUSDT: 2.19% price, 0.54x volume
2026-08-24 18:54:47 [INFO] scanner: Checking BCHUSDT...
2026-08-24 18:54:48 [INFO] scanner: BCHUSDT: 0.67% price, 0.44x volume
2026-08-24 18:54:48 [INFO] scanner: Checking SPCXBUSDT...
2026-08-24 18:54:48 [INFO] scanner: SPCXBUSDT: -0.19% price, 0.11x volume
2026-08-24 18:54:49 [INFO] scanner: Checking ASTERUSDT...
2026-08-24 18:54:50 [INFO] scanner: ASTERUSDT: 0.00% price, 0.26x volume
2026-08-24 18:54:50 [INFO] scanner: Checking PROMUSDT...
2026-08-24 18:54:50 [INFO] scanner: PROMUSDT: 1.33% price, 0.30x volume
2026-08-24 18:54:50 [INFO] scanner: Checking SPKUSDT...
2026-08-24 18:54:51 [INFO] scanner: SPKUSDT: -0.12% price, 0.52x volume
2026-08-24 18:54:51 [INFO] scanner: Checking INJUSDT...
2026-08-24 18:54:51 [INFO] scanner: INJUSDT: -0.17% price, 0.67x volume
2026-08-24 18:54:51 [INFO] scanner: Checking FETUSDT...
2026-08-24 18:54:52 [INFO] scanner: FETUSDT: 0.47% price, 0.22x volume
2026-08-24 18:54:52 [INFO] scanner: Checking HBARUSDT...
2026-08-24 18:54:53 [INFO] scanner: HBARUSDT: 0.33% price, 0.83x volume
2026-08-24 18:54:53 [INFO] scanner: Checking POLUSDT...
2026-08-24 18:54:53 [INFO] scanner: POLUSDT: -1.04% price, 0.68x volume
2026-08-24 18:54:53 [INFO] scanner: Checking CRCLBUSDT...
2026-08-24 18:54:54 [INFO] scanner: CRCLBUSDT: -0.38% price, 0.37x volume
2026-08-24 18:54:54 [INFO] scanner: Checking MORPHOUSDT...
2026-08-24 18:54:54 [INFO] scanner: MORPHOUSDT: -0.04% price, 0.20x volume
2026-08-24 18:54:55 [INFO] scanner: Checking PORTALUSDT...
2026-08-24 18:54:55 [INFO] scanner: PORTALUSDT: 2.02% price, 0.39x volume
2026-08-24 18:54:55 [INFO] scanner: Checking DASHUSDT...
2026-08-24 18:54:56 [INFO] scanner: DASHUSDT: 0.90% price, 0.48x volume
2026-08-24 18:54:56 [INFO] scanner: Checking ZAMAUSDT...
2026-08-24 18:54:56 [INFO] scanner: ZAMAUSDT: -0.08% price, 0.96x volume
2026-08-24 18:54:56 [INFO] scanner: Checking WLFIUSDT...
2026-08-24 18:54:57 [INFO] scanner: WLFIUSDT: 0.00% price, 1.23x volume
2026-08-24 18:54:57 [INFO] telegram_bot: No symbols passed Condition 1
2026-08-24 18:58:41 [INFO] telegram_bot: Bot stopped
2026-08-24 18:58:43 [INFO] telegram_bot: Send /start to the bot to detect your chat ID
2026-08-24 18:58:47 [INFO] telegram_bot: Detected chat_id: 471974990
2026-08-24 18:58:47 [INFO] telegram_bot: Starting market scan...
2026-08-24 18:58:49 [INFO] binance_client: Found 474 trading symbols with USDT quote asset (excluding stablecoins)
2026-08-24 18:58:49 [INFO] binance_client: Filtered to 474 symbols from ticker data
2026-08-24 18:58:49 [INFO] binance_client: Top 50 symbols by 24hr quote volume
2026-08-24 18:58:49 [INFO] binance_client: #    Symbol       Quote Volume        
2026-08-24 18:58:49 [INFO] binance_client: ------------------------------------
2026-08-24 18:58:49 [INFO] binance_client: 1    BTCUSDT        2,348,942,225.70
2026-08-24 18:58:49 [INFO] binance_client: 2    ETHUSDT        1,238,113,388.70
2026-08-24 18:58:49 [INFO] binance_client: 3    XRPUSDT          405,506,180.01
2026-08-24 18:58:49 [INFO] binance_client: 4    SOLUSDT          401,379,696.94
2026-08-24 18:58:49 [INFO] binance_client: 5    ZECUSDT          244,672,134.01
2026-08-24 18:58:49 [INFO] binance_client: 6    BNBUSDT          132,122,283.34
2026-08-24 18:58:49 [INFO] binance_client: 7    PYTHUSDT         129,096,340.07
2026-08-24 18:58:49 [INFO] binance_client: 8    DOGEUSDT         107,290,610.59
2026-08-24 18:58:49 [INFO] binance_client: 9    TUTUSDT           95,877,923.55
2026-08-24 18:58:49 [INFO] binance_client: 10   SUIUSDT           86,686,890.34
2026-08-24 18:58:49 [INFO] binance_client: 11   TRUMPUSDT         71,076,976.42
2026-08-24 18:58:49 [INFO] binance_client: 12   ENAUSDT           70,283,402.53
2026-08-24 18:58:49 [INFO] binance_client: 13   NEARUSDT          69,140,546.59
2026-08-24 18:58:49 [INFO] binance_client: 14   PEPEUSDT          64,974,536.33
2026-08-24 18:58:49 [INFO] binance_client: 15   PUMPUSDT          58,574,325.49
2026-08-24 18:58:49 [INFO] binance_client: 16   AAVEUSDT          55,210,428.46
2026-08-24 18:58:49 [INFO] binance_client: 17   LINKUSDT          43,881,610.34
2026-08-24 18:58:49 [INFO] binance_client: 18   ADAUSDT           42,690,411.78
2026-08-24 18:58:49 [INFO] binance_client: 19   UNIUSDT           40,464,596.64
2026-08-24 18:58:49 [INFO] binance_client: 20   SNDKBUSDT         40,444,132.26
2026-08-24 18:58:49 [INFO] binance_client: 21   REUSDT            37,464,123.04
2026-08-24 18:58:49 [INFO] binance_client: 22   TAOUSDT           36,351,525.12
2026-08-24 18:58:49 [INFO] binance_client: 23   PENGUUSDT         34,094,508.34
2026-08-24 18:58:49 [INFO] binance_client: 24   LTCUSDT           33,468,662.14
2026-08-24 18:58:49 [INFO] binance_client: 25   XAUTUSDT          31,362,703.33
2026-08-24 18:58:49 [INFO] binance_client: 26   TRXUSDT           30,439,119.56
2026-08-24 18:58:49 [INFO] binance_client: 27   XLMUSDT           30,438,279.61
2026-08-24 18:58:49 [INFO] binance_client: 28   UUSDT             29,459,133.02
2026-08-24 18:58:49 [INFO] binance_client: 29   WLDUSDT           28,496,110.07
2026-08-24 18:58:49 [INFO] binance_client: 30   PAXGUSDT          22,728,886.18
2026-08-24 18:58:49 [INFO] binance_client: 31   AVAXUSDT          21,465,557.44
2026-08-24 18:58:49 [INFO] binance_client: 32   ONDOUSDT          21,319,889.17
2026-08-24 18:58:49 [INFO] binance_client: 33   MSTRBUSDT         20,957,004.44
2026-08-24 18:58:49 [INFO] binance_client: 34   VIRTUALUSDT       20,787,546.49
2026-08-24 18:58:49 [INFO] binance_client: 35   XPLUSDT           20,337,077.32
2026-08-24 18:58:49 [INFO] binance_client: 36   BCHUSDT           20,163,615.01
2026-08-24 18:58:49 [INFO] binance_client: 37   SPCXBUSDT         19,668,081.05
2026-08-24 18:58:49 [INFO] binance_client: 38   ASTERUSDT         18,789,407.20
2026-08-24 18:58:49 [INFO] binance_client: 39   PROMUSDT          18,788,399.58
2026-08-24 18:58:49 [INFO] binance_client: 40   INJUSDT           18,688,452.99
2026-08-24 18:58:49 [INFO] binance_client: 41   SPKUSDT           18,633,704.82
2026-08-24 18:58:49 [INFO] binance_client: 42   FETUSDT           17,922,229.26
2026-08-24 18:58:49 [INFO] binance_client: 43   HBARUSDT          15,126,651.58
2026-08-24 18:58:49 [INFO] binance_client: 44   POLUSDT           15,002,391.60
2026-08-24 18:58:49 [INFO] binance_client: 45   CRCLBUSDT         13,983,229.56
2026-08-24 18:58:49 [INFO] binance_client: 46   MORPHOUSDT        13,932,111.00
2026-08-24 18:58:49 [INFO] binance_client: 47   PORTALUSDT        13,784,941.56
2026-08-24 18:58:49 [INFO] binance_client: 48   DASHUSDT          12,798,524.89
2026-08-24 18:58:49 [INFO] binance_client: 49   ZAMAUSDT          12,362,352.16
2026-08-24 18:58:49 [INFO] binance_client: 50   WLFIUSDT          12,154,432.58
2026-08-24 18:58:49 [INFO] scanner: Checking BTCUSDT...
2026-08-24 18:58:50 [INFO] scanner: BTCUSDT: 0.35% price, 0.28x volume
2026-08-24 18:58:50 [INFO] scanner: Checking ETHUSDT...
2026-08-24 18:58:50 [INFO] scanner: ETHUSDT: 0.45% price, 0.47x volume
2026-08-24 18:58:51 [INFO] scanner: Checking XRPUSDT...
2026-08-24 18:58:51 [INFO] scanner: XRPUSDT: -0.23% price, 0.56x volume
2026-08-24 18:58:51 [INFO] scanner: Checking SOLUSDT...
2026-08-24 18:58:52 [INFO] scanner: SOLUSDT: 0.65% price, 0.72x volume
2026-08-24 18:58:52 [INFO] scanner: Checking ZECUSDT...
2026-08-24 18:58:52 [INFO] scanner: ZECUSDT: -0.59% price, 0.66x volume
2026-08-24 18:58:52 [INFO] scanner: Checking BNBUSDT...
2026-08-24 18:58:53 [INFO] scanner: BNBUSDT: 0.13% price, 0.25x volume
2026-08-24 18:58:53 [INFO] scanner: Checking PYTHUSDT...
2026-08-24 18:58:53 [INFO] scanner: PYTHUSDT: -0.22% price, 0.41x volume
2026-08-24 18:58:54 [INFO] scanner: Checking DOGEUSDT...
2026-08-24 18:58:54 [INFO] scanner: DOGEUSDT: 0.44% price, 0.45x volume
2026-08-24 18:58:54 [INFO] scanner: Checking TUTUSDT...
2026-08-24 18:58:55 [INFO] scanner: TUTUSDT: 0.33% price, 0.29x volume
2026-08-24 18:58:55 [INFO] scanner: Checking SUIUSDT...
2026-08-24 18:58:55 [INFO] scanner: SUIUSDT: -0.28% price, 1.46x volume
2026-08-24 18:58:55 [INFO] scanner: Checking TRUMPUSDT...
2026-08-24 18:58:56 [INFO] scanner: TRUMPUSDT: -0.53% price, 0.33x volume
2026-08-24 18:58:56 [INFO] scanner: Checking ENAUSDT...
2026-08-24 18:58:56 [INFO] scanner: ENAUSDT: -1.30% price, 0.33x volume
2026-08-24 18:58:57 [INFO] scanner: Checking NEARUSDT...
2026-08-24 18:58:57 [INFO] scanner: NEARUSDT: 0.00% price, 0.57x volume
2026-08-24 18:58:57 [INFO] scanner: Checking PEPEUSDT...
2026-08-24 18:58:58 [INFO] scanner: PEPEUSDT: 0.25% price, 0.40x volume
2026-08-24 18:58:58 [INFO] scanner: Checking PUMPUSDT...
2026-08-24 18:58:58 [INFO] scanner: PUMPUSDT: -0.38% price, 0.86x volume
2026-08-24 18:58:58 [INFO] scanner: Checking AAVEUSDT...
2026-08-24 18:58:59 [INFO] scanner: AAVEUSDT: 0.34% price, 0.25x volume
2026-08-24 18:58:59 [INFO] scanner: Checking LINKUSDT...
2026-08-24 18:58:59 [INFO] scanner: LINKUSDT: 0.91% price, 0.34x volume
2026-08-24 18:59:00 [INFO] scanner: Checking ADAUSDT...
2026-08-24 18:59:00 [INFO] scanner: ADAUSDT: 0.55% price, 0.37x volume
2026-08-24 18:59:00 [INFO] scanner: Checking UNIUSDT...
2026-08-24 18:59:01 [INFO] scanner: UNIUSDT: -0.19% price, 0.36x volume
2026-08-24 18:59:01 [INFO] scanner: Checking SNDKBUSDT...
2026-08-24 18:59:01 [INFO] scanner: SNDKBUSDT: 1.24% price, 0.11x volume
2026-08-24 18:59:01 [INFO] scanner: Checking REUSDT...
2026-08-24 18:59:02 [INFO] scanner: REUSDT: -0.28% price, 1.23x volume
2026-08-24 18:59:02 [INFO] scanner: Checking TAOUSDT...
2026-08-24 18:59:02 [INFO] scanner: TAOUSDT: 0.63% price, 0.46x volume
2026-08-24 18:59:03 [INFO] scanner: Checking PENGUUSDT...
2026-08-24 18:59:03 [INFO] scanner: PENGUUSDT: 0.84% price, 0.45x volume
2026-08-24 18:59:03 [INFO] scanner: Checking LTCUSDT...
2026-08-24 18:59:04 [INFO] scanner: LTCUSDT: 0.25% price, 0.32x volume
2026-08-24 18:59:04 [INFO] scanner: Checking XAUTUSDT...
2026-08-24 18:59:04 [INFO] scanner: XAUTUSDT: 0.02% price, 0.50x volume
2026-08-24 18:59:04 [INFO] scanner: Checking TRXUSDT...
2026-08-24 18:59:05 [INFO] scanner: TRXUSDT: 0.15% price, 0.43x volume
2026-08-24 18:59:05 [INFO] scanner: Checking XLMUSDT...
2026-08-24 18:59:05 [INFO] scanner: XLMUSDT: -0.10% price, 0.37x volume
2026-08-24 18:59:06 [INFO] scanner: Checking UUSDT...
2026-08-24 18:59:06 [INFO] scanner: UUSDT: -0.01% price, 0.20x volume
2026-08-24 18:59:06 [INFO] scanner: Checking WLDUSDT...
2026-08-24 18:59:07 [INFO] scanner: WLDUSDT: -1.01% price, 0.69x volume
2026-08-24 18:59:07 [INFO] scanner: Checking PAXGUSDT...
2026-08-24 18:59:07 [INFO] scanner: PAXGUSDT: -0.04% price, 0.48x volume
2026-08-24 18:59:07 [INFO] scanner: Checking AVAXUSDT...
2026-08-24 18:59:08 [INFO] scanner: AVAXUSDT: -0.05% price, 0.35x volume
2026-08-24 18:59:08 [INFO] scanner: Checking ONDOUSDT...
2026-08-24 18:59:08 [INFO] scanner: ONDOUSDT: 2.05% price, 0.87x volume
2026-08-24 18:59:09 [INFO] scanner: Checking MSTRBUSDT...
2026-08-24 18:59:09 [INFO] scanner: MSTRBUSDT: 0.61% price, 0.05x volume
2026-08-24 18:59:09 [INFO] scanner: Checking VIRTUALUSDT...
2026-08-24 18:59:10 [INFO] scanner: VIRTUALUSDT: -0.33% price, 0.16x volume
2026-08-24 18:59:10 [INFO] scanner: Checking XPLUSDT...
2026-08-24 18:59:10 [INFO] scanner: XPLUSDT: 2.05% price, 0.56x volume
2026-08-24 18:59:10 [INFO] scanner: Checking BCHUSDT...
2026-08-24 18:59:11 [INFO] scanner: BCHUSDT: 0.41% price, 0.45x volume
2026-08-24 18:59:11 [INFO] scanner: Checking SPCXBUSDT...
2026-08-24 18:59:12 [INFO] scanner: SPCXBUSDT: 0.18% price, 0.11x volume
2026-08-24 18:59:12 [INFO] scanner: Checking ASTERUSDT...
2026-08-24 18:59:12 [INFO] scanner: ASTERUSDT: -0.73% price, 0.27x volume
2026-08-24 18:59:12 [INFO] scanner: Checking PROMUSDT...
2026-08-24 18:59:13 [INFO] scanner: PROMUSDT: 1.14% price, 0.32x volume
2026-08-24 18:59:13 [INFO] scanner: Checking INJUSDT...
2026-08-24 18:59:13 [INFO] scanner: INJUSDT: 0.52% price, 0.70x volume
2026-08-24 18:59:13 [INFO] scanner: Checking SPKUSDT...
2026-08-24 18:59:14 [INFO] scanner: SPKUSDT: -0.12% price, 0.56x volume
2026-08-24 18:59:14 [INFO] scanner: Checking FETUSDT...
2026-08-24 18:59:15 [INFO] scanner: FETUSDT: 0.29% price, 0.23x volume
2026-08-24 18:59:15 [INFO] scanner: Checking HBARUSDT...
2026-08-24 18:59:15 [INFO] scanner: HBARUSDT: -0.01% price, 0.89x volume
2026-08-24 18:59:15 [INFO] scanner: Checking POLUSDT...
2026-08-24 18:59:16 [INFO] scanner: POLUSDT: -1.95% price, 0.76x volume
2026-08-24 18:59:16 [INFO] scanner: Checking CRCLBUSDT...
2026-08-24 18:59:18 [INFO] scanner: CRCLBUSDT: -0.40% price, 0.38x volume
2026-08-24 18:59:18 [INFO] scanner: Checking MORPHOUSDT...
2026-08-24 18:59:18 [INFO] scanner: MORPHOUSDT: -0.57% price, 0.24x volume
2026-08-24 18:59:18 [INFO] scanner: Checking PORTALUSDT...
2026-08-24 18:59:19 [INFO] scanner: PORTALUSDT: 1.16% price, 0.40x volume
2026-08-24 18:59:19 [INFO] scanner: Checking DASHUSDT...
2026-08-24 18:59:19 [INFO] scanner: DASHUSDT: 0.46% price, 0.51x volume
2026-08-24 18:59:20 [INFO] scanner: Checking ZAMAUSDT...
2026-08-24 18:59:20 [INFO] scanner: ZAMAUSDT: 0.44% price, 0.99x volume
2026-08-24 18:59:20 [INFO] scanner: Checking WLFIUSDT...
2026-08-24 18:59:21 [INFO] scanner: WLFIUSDT: 0.00% price, 1.26x volume
2026-08-24 18:59:21 [INFO] telegram_bot: No symbols passed Condition 1
2026-08-24 19:02:26 [INFO] telegram_bot: Send /start to the bot to detect your chat ID
2026-08-24 19:02:30 [INFO] telegram_bot: Detected chat_id: 471974990
2026-08-24 19:02:30 [INFO] telegram_bot: Starting market scan...
2026-08-24 19:02:32 [INFO] binance_client: Found 474 trading symbols with USDT quote asset (excluding stablecoins)
2026-08-24 19:02:33 [INFO] binance_client: Filtered to 474 symbols from ticker data
2026-08-24 19:02:33 [INFO] binance_client: Top 50 symbols by 24hr quote volume
2026-08-24 19:02:33 [INFO] binance_client: #    Symbol       Quote Volume        
2026-08-24 19:02:33 [INFO] binance_client: ------------------------------------
2026-08-24 19:02:33 [INFO] binance_client: 1    BTCUSDT        2,352,051,589.39
2026-08-24 19:02:33 [INFO] binance_client: 2    ETHUSDT        1,242,780,455.33
2026-08-24 19:02:33 [INFO] binance_client: 3    XRPUSDT          406,204,544.39
2026-08-24 19:02:33 [INFO] binance_client: 4    SOLUSDT          403,042,164.95
2026-08-24 19:02:33 [INFO] binance_client: 5    ZECUSDT          244,885,090.16
2026-08-24 19:02:33 [INFO] binance_client: 6    BNBUSDT          132,166,775.03
2026-08-24 19:02:33 [INFO] binance_client: 7    PYTHUSDT         129,065,647.91
2026-08-24 19:02:33 [INFO] binance_client: 8    DOGEUSDT         107,240,263.96
2026-08-24 19:02:33 [INFO] binance_client: 9    TUTUSDT           95,902,755.53
2026-08-24 19:02:33 [INFO] binance_client: 10   SUIUSDT           86,270,959.97
2026-08-24 19:02:33 [INFO] binance_client: 11   TRUMPUSDT         71,081,504.50
2026-08-24 19:02:33 [INFO] binance_client: 12   ENAUSDT           70,122,790.76
2026-08-24 19:02:33 [INFO] binance_client: 13   NEARUSDT          69,150,687.01
2026-08-24 19:02:33 [INFO] binance_client: 14   PEPEUSDT          64,962,600.11
2026-08-24 19:02:33 [INFO] binance_client: 15   PUMPUSDT          58,663,652.18
2026-08-24 19:02:33 [INFO] binance_client: 16   AAVEUSDT          55,153,982.44
2026-08-24 19:02:33 [INFO] binance_client: 17   LINKUSDT          43,868,339.12
2026-08-24 19:02:33 [INFO] binance_client: 18   ADAUSDT           42,634,020.83
2026-08-24 19:02:33 [INFO] binance_client: 19   SNDKBUSDT         40,519,300.22
2026-08-24 19:02:33 [INFO] binance_client: 20   UNIUSDT           40,461,109.27
2026-08-24 19:02:33 [INFO] binance_client: 21   REUSDT            37,462,142.23
2026-08-24 19:02:33 [INFO] binance_client: 22   TAOUSDT           36,240,525.98
2026-08-24 19:02:33 [INFO] binance_client: 23   PENGUUSDT         33,776,598.30
2026-08-24 19:02:33 [INFO] binance_client: 24   LTCUSDT           33,518,708.68
2026-08-24 19:02:33 [INFO] binance_client: 25   XAUTUSDT          31,377,487.86
2026-08-24 19:02:33 [INFO] binance_client: 26   TRXUSDT           30,488,782.89
2026-08-24 19:02:33 [INFO] binance_client: 27   XLMUSDT           30,453,266.65
2026-08-24 19:02:33 [INFO] binance_client: 28   UUSDT             29,462,946.34
2026-08-24 19:02:33 [INFO] binance_client: 29   WLDUSDT           28,491,231.18
2026-08-24 19:02:33 [INFO] binance_client: 30   PAXGUSDT          22,614,447.77
2026-08-24 19:02:33 [INFO] binance_client: 31   AVAXUSDT          21,507,800.13
2026-08-24 19:02:33 [INFO] binance_client: 32   ONDOUSDT          21,323,496.32
2026-08-24 19:02:33 [INFO] binance_client: 33   MSTRBUSDT         20,962,285.09
2026-08-24 19:02:33 [INFO] binance_client: 34   VIRTUALUSDT       20,799,937.05
2026-08-24 19:02:33 [INFO] binance_client: 35   XPLUSDT           20,312,568.98
2026-08-24 19:02:33 [INFO] binance_client: 36   BCHUSDT           20,179,278.95
2026-08-24 19:02:33 [INFO] binance_client: 37   SPCXBUSDT         19,665,174.30
2026-08-24 19:02:33 [INFO] binance_client: 38   PROMUSDT          18,801,377.34
2026-08-24 19:02:33 [INFO] binance_client: 39   ASTERUSDT         18,771,975.79
2026-08-24 19:02:33 [INFO] binance_client: 40   INJUSDT           18,706,110.02
2026-08-24 19:02:33 [INFO] binance_client: 41   SPKUSDT           18,483,818.65
2026-08-24 19:02:33 [INFO] binance_client: 42   FETUSDT           17,932,748.67
2026-08-24 19:02:33 [INFO] binance_client: 43   HBARUSDT          15,202,830.21
2026-08-24 19:02:33 [INFO] binance_client: 44   POLUSDT           15,023,465.93
2026-08-24 19:02:33 [INFO] binance_client: 45   CRCLBUSDT         14,021,362.45
2026-08-24 19:02:33 [INFO] binance_client: 46   MORPHOUSDT        13,929,441.51
2026-08-24 19:02:33 [INFO] binance_client: 47   PORTALUSDT        13,800,499.52
2026-08-24 19:02:33 [INFO] binance_client: 48   DASHUSDT          12,791,267.49
2026-08-24 19:02:33 [INFO] binance_client: 49   WLFIUSDT          12,157,017.57
2026-08-24 19:02:33 [INFO] binance_client: 50   ZAMAUSDT          12,087,279.15
2026-08-24 19:02:33 [INFO] scanner: Checking BTCUSDT...
2026-08-24 19:02:34 [INFO] scanner: BTCUSDT: 0.21% price, 0.03x volume
2026-08-24 19:02:34 [INFO] scanner: Checking ETHUSDT...
2026-08-24 19:02:34 [INFO] scanner: ETHUSDT: 0.20% price, 0.08x volume
2026-08-24 19:02:35 [INFO] scanner: Checking XRPUSDT...
2026-08-24 19:02:35 [INFO] scanner: XRPUSDT: -0.27% price, 0.05x volume
2026-08-24 19:02:36 [INFO] scanner: Checking SOLUSDT...
2026-08-24 19:02:36 [INFO] scanner: SOLUSDT: 0.55% price, 0.08x volume
2026-08-24 19:02:36 [INFO] scanner: Checking ZECUSDT...
2026-08-24 19:02:37 [INFO] scanner: ZECUSDT: -0.75% price, 0.05x volume
2026-08-24 19:02:37 [INFO] scanner: Checking BNBUSDT...
2026-08-24 19:02:37 [INFO] scanner: BNBUSDT: 0.05% price, 0.01x volume
2026-08-24 19:02:37 [INFO] scanner: Checking PYTHUSDT...
2026-08-24 19:02:38 [INFO] scanner: PYTHUSDT: -0.69% price, 0.02x volume
2026-08-24 19:02:38 [INFO] scanner: Checking DOGEUSDT...
2026-08-24 19:02:38 [INFO] scanner: DOGEUSDT: 0.28% price, 0.02x volume
2026-08-24 19:02:39 [INFO] scanner: Checking TUTUSDT...
2026-08-24 19:02:39 [INFO] scanner: TUTUSDT: 0.97% price, 0.02x volume
2026-08-24 19:02:39 [INFO] scanner: Checking SUIUSDT...
2026-08-24 19:02:40 [INFO] scanner: SUIUSDT: -0.62% price, 0.07x volume
2026-08-24 19:02:40 [INFO] scanner: Checking TRUMPUSDT...
2026-08-24 19:02:40 [INFO] scanner: TRUMPUSDT: -0.98% price, 0.06x volume
2026-08-24 19:02:40 [INFO] scanner: Checking ENAUSDT...
2026-08-24 19:02:41 [INFO] scanner: ENAUSDT: -1.04% price, 0.01x volume
2026-08-24 19:02:41 [INFO] scanner: Checking NEARUSDT...
2026-08-24 19:02:41 [INFO] scanner: NEARUSDT: -0.56% price, 0.03x volume
2026-08-24 19:02:42 [INFO] scanner: Checking PEPEUSDT...
2026-08-24 19:02:42 [INFO] scanner: PEPEUSDT: 0.00% price, 0.02x volume
2026-08-24 19:02:42 [INFO] scanner: Checking PUMPUSDT...
2026-08-24 19:02:43 [INFO] scanner: PUMPUSDT: -0.89% price, 0.02x volume
2026-08-24 19:02:43 [INFO] scanner: Checking AAVEUSDT...
2026-08-24 19:02:43 [INFO] scanner: AAVEUSDT: 0.40% price, 0.02x volume
2026-08-24 19:02:43 [INFO] scanner: Checking LINKUSDT...
2026-08-24 19:02:44 [INFO] scanner: LINKUSDT: 0.62% price, 0.02x volume
2026-08-24 19:02:44 [INFO] scanner: Checking ADAUSDT...
2026-08-24 19:02:44 [INFO] scanner: ADAUSDT: 0.46% price, 0.05x volume
2026-08-24 19:02:45 [INFO] scanner: Checking SNDKBUSDT...
2026-08-24 19:02:45 [INFO] scanner: SNDKBUSDT: 1.14% price, 0.01x volume
2026-08-24 19:02:45 [INFO] scanner: Checking UNIUSDT...
2026-08-24 19:02:46 [INFO] scanner: UNIUSDT: -0.49% price, 0.03x volume
2026-08-24 19:02:46 [INFO] scanner: Checking REUSDT...
2026-08-24 19:02:46 [INFO] scanner: REUSDT: 0.49% price, 0.04x volume
2026-08-24 19:02:46 [INFO] scanner: Checking TAOUSDT...
2026-08-24 19:02:47 [INFO] scanner: TAOUSDT: 0.33% price, 0.02x volume
2026-08-24 19:02:47 [INFO] scanner: Checking PENGUUSDT...
2026-08-24 19:02:47 [INFO] scanner: PENGUUSDT: -0.44% price, 0.03x volume
2026-08-24 19:02:48 [INFO] scanner: Checking LTCUSDT...
2026-08-24 19:02:48 [INFO] scanner: LTCUSDT: 0.15% price, 0.04x volume
2026-08-24 19:02:48 [INFO] scanner: Checking XAUTUSDT...
2026-08-24 19:02:49 [INFO] scanner: XAUTUSDT: 0.04% price, 0.01x volume
2026-08-24 19:02:49 [INFO] scanner: Checking TRXUSDT...
2026-08-24 19:02:49 [INFO] scanner: TRXUSDT: 0.15% price, 0.04x volume
2026-08-24 19:02:49 [INFO] scanner: Checking XLMUSDT...
2026-08-24 19:02:50 [INFO] scanner: XLMUSDT: -0.46% price, 0.08x volume
2026-08-24 19:02:50 [INFO] scanner: Checking UUSDT...
2026-08-24 19:02:51 [INFO] scanner: UUSDT: -0.01% price, 0.00x volume
2026-08-24 19:02:51 [INFO] scanner: Checking WLDUSDT...
2026-08-24 19:02:52 [INFO] scanner: WLDUSDT: -0.96% price, 0.05x volume
2026-08-24 19:02:52 [INFO] scanner: Checking PAXGUSDT...
2026-08-24 19:02:52 [INFO] scanner: PAXGUSDT: -0.01% price, 0.03x volume
2026-08-24 19:02:52 [INFO] scanner: Checking AVAXUSDT...
2026-08-24 19:02:53 [INFO] scanner: AVAXUSDT: -0.09% price, 0.08x volume
2026-08-24 19:02:53 [INFO] scanner: Checking ONDOUSDT...
2026-08-24 19:02:54 [INFO] scanner: ONDOUSDT: 1.78% price, 0.04x volume
2026-08-24 19:02:54 [INFO] scanner: Checking MSTRBUSDT...
2026-08-24 19:02:54 [INFO] scanner: MSTRBUSDT: -0.07% price, 0.00x volume
2026-08-24 19:02:55 [INFO] scanner: Checking VIRTUALUSDT...
2026-08-24 19:02:55 [INFO] scanner: VIRTUALUSDT: -0.37% price, 0.01x volume
2026-08-24 19:02:55 [INFO] scanner: Checking XPLUSDT...
2026-08-24 19:02:56 [INFO] scanner: XPLUSDT: 0.98% price, 0.01x volume
2026-08-24 19:02:56 [INFO] scanner: Checking BCHUSDT...
2026-08-24 19:02:56 [INFO] scanner: BCHUSDT: 0.00% price, 0.02x volume
2026-08-24 19:02:56 [INFO] scanner: Checking SPCXBUSDT...
2026-08-24 19:02:57 [INFO] scanner: SPCXBUSDT: 0.18% price, 0.00x volume
2026-08-24 19:02:57 [INFO] scanner: Checking PROMUSDT...
2026-08-24 19:02:57 [INFO] scanner: PROMUSDT: 0.87% price, 0.03x volume
2026-08-24 19:02:58 [INFO] scanner: Checking ASTERUSDT...
2026-08-24 19:02:58 [INFO] scanner: ASTERUSDT: -0.73% price, 0.01x volume
2026-08-24 19:02:58 [INFO] scanner: Checking INJUSDT...
2026-08-24 19:02:59 [INFO] scanner: INJUSDT: 1.18% price, 0.02x volume
2026-08-24 19:02:59 [INFO] scanner: Checking SPKUSDT...
2026-08-24 19:02:59 [INFO] scanner: SPKUSDT: 0.02% price, 0.03x volume
2026-08-24 19:02:59 [INFO] scanner: Checking FETUSDT...
2026-08-24 19:03:00 [INFO] scanner: FETUSDT: -0.52% price, 0.01x volume
2026-08-24 19:03:00 [INFO] scanner: Checking HBARUSDT...
2026-08-24 19:03:00 [INFO] scanner: HBARUSDT: -0.14% price, 0.09x volume
2026-08-24 19:03:01 [INFO] scanner: Checking POLUSDT...
2026-08-24 19:03:01 [INFO] scanner: POLUSDT: -1.80% price, 0.02x volume
2026-08-24 19:03:01 [INFO] scanner: Checking CRCLBUSDT...
2026-08-24 19:03:02 [INFO] scanner: CRCLBUSDT: -0.63% price, 0.04x volume
2026-08-24 19:03:02 [INFO] scanner: Checking MORPHOUSDT...
2026-08-24 19:03:02 [INFO] scanner: MORPHOUSDT: -0.92% price, 0.02x volume
2026-08-24 19:03:02 [INFO] scanner: Checking PORTALUSDT...
2026-08-24 19:03:03 [INFO] scanner: PORTALUSDT: 2.51% price, 0.03x volume
2026-08-24 19:03:03 [INFO] scanner: Checking DASHUSDT...
2026-08-24 19:03:03 [INFO] scanner: DASHUSDT: 0.07% price, 0.03x volume
2026-08-24 19:03:04 [INFO] scanner: Checking WLFIUSDT...
2026-08-24 19:03:04 [INFO] scanner: WLFIUSDT: -0.17% price, 0.01x volume
2026-08-24 19:03:04 [INFO] scanner: Checking ZAMAUSDT...
2026-08-24 19:03:05 [INFO] scanner: ZAMAUSDT: 0.45% price, 0.01x volume
2026-08-24 19:03:05 [INFO] telegram_bot: No symbols passed both conditions
2026-08-24 19:08:05 [INFO] telegram_bot: Starting market scan...
2026-08-24 19:08:07 [INFO] binance_client: Found 474 trading symbols with USDT quote asset (excluding stablecoins)
2026-08-24 19:08:08 [INFO] binance_client: Filtered to 474 symbols from ticker data
2026-08-24 19:08:08 [INFO] binance_client: Top 50 symbols by 24hr quote volume
2026-08-24 19:08:08 [INFO] binance_client: #    Symbol       Quote Volume        
2026-08-24 19:08:08 [INFO] binance_client: ------------------------------------
2026-08-24 19:08:08 [INFO] binance_client: 1    BTCUSDT        2,358,994,218.71
2026-08-24 19:08:08 [INFO] binance_client: 2    ETHUSDT        1,247,728,672.63
2026-08-24 19:08:08 [INFO] binance_client: 3    XRPUSDT          407,518,174.21
2026-08-24 19:08:08 [INFO] binance_client: 4    SOLUSDT          405,444,160.92
2026-08-24 19:08:08 [INFO] binance_client: 5    ZECUSDT          246,460,294.59
2026-08-24 19:08:08 [INFO] binance_client: 6    BNBUSDT          132,630,370.17
2026-08-24 19:08:08 [INFO] binance_client: 7    PYTHUSDT         129,054,901.29
2026-08-24 19:08:08 [INFO] binance_client: 8    DOGEUSDT         107,529,647.05
2026-08-24 19:08:08 [INFO] binance_client: 9    TUTUSDT           95,888,645.33
2026-08-24 19:08:08 [INFO] binance_client: 10   SUIUSDT           86,424,792.71
2026-08-24 19:08:08 [INFO] binance_client: 11   TRUMPUSDT         71,151,907.92
2026-08-24 19:08:08 [INFO] binance_client: 12   ENAUSDT           69,926,754.30
2026-08-24 19:08:08 [INFO] binance_client: 13   NEARUSDT          69,180,791.47
2026-08-24 19:08:08 [INFO] binance_client: 14   PEPEUSDT          65,104,173.76
2026-08-24 19:08:08 [INFO] binance_client: 15   PUMPUSDT          58,746,075.69
2026-08-24 19:08:08 [INFO] binance_client: 16   AAVEUSDT          55,136,756.34
2026-08-24 19:08:08 [INFO] binance_client: 17   LINKUSDT          43,961,385.18
2026-08-24 19:08:08 [INFO] binance_client: 18   ADAUSDT           42,411,535.87
2026-08-24 19:08:08 [INFO] binance_client: 19   SNDKBUSDT         40,522,006.54
2026-08-24 19:08:08 [INFO] binance_client: 20   UNIUSDT           40,509,499.32
2026-08-24 19:08:08 [INFO] binance_client: 21   REUSDT            37,507,637.74
2026-08-24 19:08:08 [INFO] binance_client: 22   TAOUSDT           36,324,455.08
2026-08-24 19:08:08 [INFO] binance_client: 23   LTCUSDT           33,612,983.22
2026-08-24 19:08:08 [INFO] binance_client: 24   PENGUUSDT         33,530,829.78
2026-08-24 19:08:08 [INFO] binance_client: 25   XAUTUSDT          31,363,818.80
2026-08-24 19:08:08 [INFO] binance_client: 26   XLMUSDT           30,533,535.36
2026-08-24 19:08:08 [INFO] binance_client: 27   TRXUSDT           30,507,916.59
2026-08-24 19:08:08 [INFO] binance_client: 28   UUSDT             29,519,793.22
2026-08-24 19:08:08 [INFO] binance_client: 29   WLDUSDT           28,578,414.62
2026-08-24 19:08:08 [INFO] binance_client: 30   PAXGUSDT          22,117,721.63
2026-08-24 19:08:08 [INFO] binance_client: 31   AVAXUSDT          21,590,661.76
2026-08-24 19:08:08 [INFO] binance_client: 32   ONDOUSDT          21,353,241.42
2026-08-24 19:08:08 [INFO] binance_client: 33   MSTRBUSDT         20,967,555.45
2026-08-24 19:08:08 [INFO] binance_client: 34   VIRTUALUSDT       20,822,771.31
2026-08-24 19:08:08 [INFO] binance_client: 35   XPLUSDT           20,290,941.73
2026-08-24 19:08:08 [INFO] binance_client: 36   BCHUSDT           20,228,186.88
2026-08-24 19:08:08 [INFO] binance_client: 37   SPCXBUSDT         19,695,385.36
2026-08-24 19:08:08 [INFO] binance_client: 38   PROMUSDT          18,811,670.19
2026-08-24 19:08:08 [INFO] binance_client: 39   INJUSDT           18,782,627.38
2026-08-24 19:08:08 [INFO] binance_client: 40   ASTERUSDT         18,772,113.96
2026-08-24 19:08:08 [INFO] binance_client: 41   SPKUSDT           18,455,103.33
2026-08-24 19:08:08 [INFO] binance_client: 42   FETUSDT           17,958,697.40
2026-08-24 19:08:08 [INFO] binance_client: 43   HBARUSDT          15,254,115.50
2026-08-24 19:08:08 [INFO] binance_client: 44   POLUSDT           15,035,635.82
2026-08-24 19:08:08 [INFO] binance_client: 45   CRCLBUSDT         14,066,701.52
2026-08-24 19:08:08 [INFO] binance_client: 46   MORPHOUSDT        13,923,504.77
2026-08-24 19:08:08 [INFO] binance_client: 47   PORTALUSDT        13,832,432.38
2026-08-24 19:08:08 [INFO] binance_client: 48   DASHUSDT          12,777,010.02
2026-08-24 19:08:08 [INFO] binance_client: 49   WLFIUSDT          12,171,919.95
2026-08-24 19:08:08 [INFO] binance_client: 50   ZAMAUSDT          11,825,455.96
2026-08-24 19:08:08 [INFO] scanner: Checking BTCUSDT...
2026-08-24 19:08:08 [INFO] scanner: BTCUSDT: -0.01% price, 0.07x volume
2026-08-24 19:08:08 [INFO] scanner: Checking ETHUSDT...
2026-08-24 19:08:09 [INFO] scanner: ETHUSDT: -0.18% price, 0.16x volume
2026-08-24 19:08:09 [INFO] scanner: Checking XRPUSDT...
2026-08-24 19:08:09 [INFO] scanner: XRPUSDT: -0.87% price, 0.15x volume
2026-08-24 19:08:09 [INFO] scanner: Checking SOLUSDT...
2026-08-24 19:08:10 [INFO] scanner: SOLUSDT: 0.00% price, 0.18x volume
2026-08-24 19:08:10 [INFO] scanner: Checking ZECUSDT...
2026-08-24 19:08:10 [INFO] scanner: ZECUSDT: -1.01% price, 0.20x volume
2026-08-24 19:08:11 [INFO] scanner: Checking BNBUSDT...
2026-08-24 19:08:11 [INFO] scanner: BNBUSDT: -0.25% price, 0.09x volume
2026-08-24 19:08:11 [INFO] scanner: Checking PYTHUSDT...
2026-08-24 19:08:12 [INFO] scanner: PYTHUSDT: -0.79% price, 0.06x volume
2026-08-24 19:08:12 [INFO] scanner: Checking DOGEUSDT...
2026-08-24 19:08:12 [INFO] scanner: DOGEUSDT: -0.46% price, 0.09x volume
2026-08-24 19:08:12 [INFO] scanner: Checking TUTUSDT...
2026-08-24 19:08:13 [INFO] scanner: TUTUSDT: -3.91% price, 0.04x volume
2026-08-24 19:08:13 [INFO] scanner: Checking SUIUSDT...
2026-08-24 19:08:13 [INFO] scanner: SUIUSDT: -1.33% price, 0.16x volume
2026-08-24 19:08:14 [INFO] scanner: Checking TRUMPUSDT...
2026-08-24 19:08:14 [INFO] scanner: TRUMPUSDT: -1.63% price, 0.13x volume
2026-08-24 19:08:14 [INFO] scanner: Checking ENAUSDT...
2026-08-24 19:08:15 [INFO] scanner: ENAUSDT: -1.04% price, 0.03x volume
2026-08-24 19:08:15 [INFO] scanner: Checking NEARUSDT...
2026-08-24 19:08:15 [INFO] scanner: NEARUSDT: -1.17% price, 0.13x volume
2026-08-24 19:08:15 [INFO] scanner: Checking PEPEUSDT...
2026-08-24 19:08:16 [INFO] scanner: PEPEUSDT: -0.25% price, 0.07x volume
2026-08-24 19:08:16 [INFO] scanner: Checking PUMPUSDT...
2026-08-24 19:08:17 [INFO] scanner: PUMPUSDT: -0.82% price, 0.09x volume
2026-08-24 19:08:17 [INFO] scanner: Checking AAVEUSDT...
2026-08-24 19:08:17 [INFO] scanner: AAVEUSDT: 0.05% price, 0.06x volume
2026-08-24 19:08:17 [INFO] scanner: Checking LINKUSDT...
2026-08-24 19:08:18 [INFO] scanner: LINKUSDT: 0.10% price, 0.10x volume
2026-08-24 19:08:18 [INFO] scanner: Checking ADAUSDT...
2026-08-24 19:08:18 [INFO] scanner: ADAUSDT: -0.50% price, 0.11x volume
2026-08-24 19:08:18 [INFO] scanner: Checking SNDKBUSDT...
2026-08-24 19:08:19 [INFO] scanner: SNDKBUSDT: 0.54% price, 0.02x volume
2026-08-24 19:08:19 [INFO] scanner: Checking UNIUSDT...
2026-08-24 19:08:20 [INFO] scanner: UNIUSDT: -1.07% price, 0.11x volume
2026-08-24 19:08:20 [INFO] scanner: Checking REUSDT...
2026-08-24 19:08:20 [INFO] scanner: REUSDT: 0.44% price, 0.14x volume
2026-08-24 19:08:20 [INFO] scanner: Checking TAOUSDT...
2026-08-24 19:08:21 [INFO] scanner: TAOUSDT: -0.83% price, 0.12x volume
2026-08-24 19:08:21 [INFO] scanner: Checking LTCUSDT...
2026-08-24 19:08:21 [INFO] scanner: LTCUSDT: -0.33% price, 0.10x volume
2026-08-24 19:08:22 [INFO] scanner: Checking PENGUUSDT...
2026-08-24 19:08:22 [INFO] scanner: PENGUUSDT: -0.62% price, 0.11x volume
2026-08-24 19:08:22 [INFO] scanner: Checking XAUTUSDT...
2026-08-24 19:08:23 [INFO] scanner: XAUTUSDT: -0.02% price, 0.02x volume
2026-08-24 19:08:23 [INFO] scanner: Checking XLMUSDT...
2026-08-24 19:08:23 [INFO] scanner: XLMUSDT: -1.08% price, 0.17x volume
2026-08-24 19:08:23 [INFO] scanner: Checking TRXUSDT...
2026-08-24 19:08:24 [INFO] scanner: TRXUSDT: 0.12% price, 0.08x volume
2026-08-24 19:08:24 [INFO] scanner: Checking UUSDT...
2026-08-24 19:08:24 [INFO] scanner: UUSDT: -0.01% price, 0.03x volume
2026-08-24 19:08:25 [INFO] scanner: Checking WLDUSDT...
2026-08-24 19:08:25 [INFO] scanner: WLDUSDT: -2.13% price, 0.14x volume
2026-08-24 19:08:26 [INFO] scanner: Checking PAXGUSDT...
2026-08-24 19:08:26 [INFO] scanner: PAXGUSDT: -0.06% price, 0.29x volume
2026-08-24 19:08:26 [INFO] scanner: Checking AVAXUSDT...
2026-08-24 19:08:28 [INFO] scanner: AVAXUSDT: -0.50% price, 0.25x volume
2026-08-24 19:08:28 [INFO] scanner: Checking ONDOUSDT...
2026-08-24 19:08:28 [INFO] scanner: ONDOUSDT: 0.74% price, 0.09x volume
2026-08-24 19:08:28 [INFO] scanner: Checking MSTRBUSDT...
2026-08-24 19:08:29 [INFO] scanner: MSTRBUSDT: -0.50% price, 0.00x volume
2026-08-24 19:08:29 [INFO] scanner: Checking VIRTUALUSDT...
2026-08-24 19:08:29 [INFO] scanner: VIRTUALUSDT: -1.42% price, 0.03x volume
2026-08-24 19:08:29 [INFO] scanner: Checking XPLUSDT...
2026-08-24 19:08:30 [INFO] scanner: XPLUSDT: 0.20% price, 0.07x volume
2026-08-24 19:08:30 [INFO] scanner: Checking BCHUSDT...
2026-08-24 19:08:31 [INFO] scanner: BCHUSDT: -0.30% price, 0.07x volume
2026-08-24 19:08:31 [INFO] scanner: Checking SPCXBUSDT...
2026-08-24 19:08:31 [INFO] scanner: SPCXBUSDT: -0.16% price, 0.04x volume
2026-08-24 19:08:31 [INFO] scanner: Checking PROMUSDT...
2026-08-24 19:08:32 [INFO] scanner: PROMUSDT: 1.36% price, 0.05x volume
2026-08-24 19:08:32 [INFO] scanner: Checking INJUSDT...
2026-08-24 19:08:32 [INFO] scanner: INJUSDT: 1.31% price, 0.06x volume
2026-08-24 19:08:33 [INFO] scanner: Checking ASTERUSDT...
2026-08-24 19:08:33 [INFO] scanner: ASTERUSDT: -1.31% price, 0.04x volume
2026-08-24 19:08:33 [INFO] scanner: Checking SPKUSDT...
2026-08-24 19:08:34 [INFO] scanner: SPKUSDT: -0.70% price, 0.13x volume
2026-08-24 19:08:34 [INFO] scanner: Checking FETUSDT...
2026-08-24 19:08:34 [INFO] scanner: FETUSDT: -1.10% price, 0.06x volume
2026-08-24 19:08:34 [INFO] scanner: Checking HBARUSDT...
2026-08-24 19:08:35 [INFO] scanner: HBARUSDT: -0.48% price, 0.16x volume
2026-08-24 19:08:35 [INFO] scanner: Checking POLUSDT...
2026-08-24 19:08:35 [INFO] scanner: POLUSDT: -1.91% price, 0.06x volume
2026-08-24 19:08:36 [INFO] scanner: Checking CRCLBUSDT...
2026-08-24 19:08:36 [INFO] scanner: CRCLBUSDT: -1.29% price, 0.09x volume
2026-08-24 19:08:37 [INFO] scanner: Checking MORPHOUSDT...
2026-08-24 19:08:37 [INFO] scanner: MORPHOUSDT: -1.15% price, 0.07x volume
2026-08-24 19:08:37 [INFO] scanner: Checking PORTALUSDT...
2026-08-24 19:08:38 [INFO] scanner: PORTALUSDT: 1.03% price, 0.11x volume
2026-08-24 19:08:38 [INFO] scanner: Checking DASHUSDT...
2026-08-24 19:08:38 [INFO] scanner: DASHUSDT: -1.20% price, 0.09x volume
2026-08-24 19:08:38 [INFO] scanner: Checking WLFIUSDT...
2026-08-24 19:08:39 [INFO] scanner: WLFIUSDT: -0.35% price, 0.07x volume
2026-08-24 19:08:39 [INFO] scanner: Checking ZAMAUSDT...
2026-08-24 19:08:39 [INFO] scanner: ZAMAUSDT: 0.27% price, 0.03x volume
2026-08-24 19:08:39 [INFO] telegram_bot: No symbols passed both conditions
2026-08-24 19:13:15 [INFO] telegram_bot: Starting market scan...
2026-08-24 19:13:16 [INFO] binance_client: Found 474 trading symbols with USDT quote asset (excluding stablecoins)
2026-08-24 19:13:16 [INFO] binance_client: Filtered to 474 symbols from ticker data
2026-08-24 19:13:16 [INFO] binance_client: Top 50 symbols by 24hr quote volume
2026-08-24 19:13:16 [INFO] binance_client: #    Symbol       Quote Volume        
2026-08-24 19:13:16 [INFO] binance_client: ------------------------------------
2026-08-24 19:13:16 [INFO] binance_client: 1    BTCUSDT        2,358,272,266.71
2026-08-24 19:13:16 [INFO] binance_client: 2    ETHUSDT        1,249,506,337.94
2026-08-24 19:13:16 [INFO] binance_client: 3    XRPUSDT          407,734,326.01
2026-08-24 19:13:16 [INFO] binance_client: 4    SOLUSDT          406,337,529.52
2026-08-24 19:13:16 [INFO] binance_client: 5    ZECUSDT          245,703,127.26
2026-08-24 19:13:16 [INFO] binance_client: 6    BNBUSDT          132,656,267.44
2026-08-24 19:13:16 [INFO] binance_client: 7    PYTHUSDT         129,042,156.21
2026-08-24 19:13:16 [INFO] binance_client: 8    DOGEUSDT         107,649,804.90
2026-08-24 19:13:16 [INFO] binance_client: 9    TUTUSDT           95,886,168.84
2026-08-24 19:13:16 [INFO] binance_client: 10   SUIUSDT           86,466,580.74
2026-08-24 19:13:16 [INFO] binance_client: 11   TRUMPUSDT         71,165,110.73
2026-08-24 19:13:16 [INFO] binance_client: 12   ENAUSDT           69,911,279.64
2026-08-24 19:13:16 [INFO] binance_client: 13   NEARUSDT          69,178,203.09
2026-08-24 19:13:16 [INFO] binance_client: 14   PEPEUSDT          65,116,501.84
2026-08-24 19:13:16 [INFO] binance_client: 15   PUMPUSDT          58,834,193.17
2026-08-24 19:13:16 [INFO] binance_client: 16   AAVEUSDT          55,163,117.34
2026-08-24 19:13:16 [INFO] binance_client: 17   LINKUSDT          44,007,832.05
2026-08-24 19:13:16 [INFO] binance_client: 18   ADAUSDT           42,052,712.76
2026-08-24 19:13:16 [INFO] binance_client: 19   UNIUSDT           40,555,969.64
2026-08-24 19:13:16 [INFO] binance_client: 20   SNDKBUSDT         40,521,693.15
2026-08-24 19:13:16 [INFO] binance_client: 21   REUSDT            37,595,397.58
2026-08-24 19:13:16 [INFO] binance_client: 22   TAOUSDT           36,322,005.20
2026-08-24 19:13:16 [INFO] binance_client: 23   LTCUSDT           33,650,020.69
2026-08-24 19:13:16 [INFO] binance_client: 24   PENGUUSDT         33,409,946.16
2026-08-24 19:13:16 [INFO] binance_client: 25   XAUTUSDT          31,409,672.44
2026-08-24 19:13:16 [INFO] binance_client: 26   TRXUSDT           30,516,375.34
2026-08-24 19:13:16 [INFO] binance_client: 27   XLMUSDT           30,491,882.60
2026-08-24 19:13:16 [INFO] binance_client: 28   UUSDT             29,536,960.65
2026-08-24 19:13:16 [INFO] binance_client: 29   WLDUSDT           28,592,133.81
2026-08-24 19:13:16 [INFO] binance_client: 30   PAXGUSDT          22,172,481.17
2026-08-24 19:13:16 [INFO] binance_client: 31   AVAXUSDT          21,648,733.19
2026-08-24 19:13:16 [INFO] binance_client: 32   ONDOUSDT          21,339,321.45
2026-08-24 19:13:16 [INFO] binance_client: 33   MSTRBUSDT         20,970,514.24
2026-08-24 19:13:16 [INFO] binance_client: 34   VIRTUALUSDT       20,839,291.87
2026-08-24 19:13:16 [INFO] binance_client: 35   BCHUSDT           20,250,447.37
2026-08-24 19:13:16 [INFO] binance_client: 36   XPLUSDT           20,195,347.86
2026-08-24 19:13:16 [INFO] binance_client: 37   SPCXBUSDT         19,676,454.39
2026-08-24 19:13:16 [INFO] binance_client: 38   INJUSDT           18,827,471.87
2026-08-24 19:13:16 [INFO] binance_client: 39   PROMUSDT          18,817,034.27
2026-08-24 19:13:16 [INFO] binance_client: 40   ASTERUSDT         18,796,284.60
2026-08-24 19:13:16 [INFO] binance_client: 41   SPKUSDT           18,293,218.43
2026-08-24 19:13:16 [INFO] binance_client: 42   FETUSDT           18,005,065.68
2026-08-24 19:13:16 [INFO] binance_client: 43   HBARUSDT          15,329,151.72
2026-08-24 19:13:16 [INFO] binance_client: 44   POLUSDT           15,038,920.02
2026-08-24 19:13:16 [INFO] binance_client: 45   CRCLBUSDT         14,277,357.34
2026-08-24 19:13:16 [INFO] binance_client: 46   MORPHOUSDT        13,914,101.99
2026-08-24 19:13:16 [INFO] binance_client: 47   PORTALUSDT        13,860,203.95
2026-08-24 19:13:16 [INFO] binance_client: 48   DASHUSDT          12,768,958.19
2026-08-24 19:13:16 [INFO] binance_client: 49   WLFIUSDT          12,142,168.79
2026-08-24 19:13:16 [INFO] binance_client: 50   ZAMAUSDT          11,810,041.45
2026-08-24 19:13:16 [INFO] scanner: Checking BTCUSDT...
2026-08-24 19:13:17 [INFO] scanner: BTCUSDT: 0.11% price, 0.11x volume
2026-08-24 19:13:17 [INFO] scanner: Checking ETHUSDT...
2026-08-24 19:13:17 [INFO] scanner: ETHUSDT: -0.39% price, 0.20x volume
2026-08-24 19:13:17 [INFO] scanner: Checking XRPUSDT...
2026-08-24 19:13:18 [INFO] scanner: XRPUSDT: -0.88% price, 0.23x volume
2026-08-24 19:13:18 [INFO] scanner: Checking SOLUSDT...
2026-08-24 19:13:19 [INFO] scanner: SOLUSDT: -0.26% price, 0.23x volume
2026-08-24 19:13:19 [INFO] scanner: Checking ZECUSDT...
2026-08-24 19:13:19 [INFO] scanner: ZECUSDT: -1.93% price, 0.26x volume
2026-08-24 19:13:19 [INFO] scanner: Checking BNBUSDT...
2026-08-24 19:13:20 [INFO] scanner: BNBUSDT: -0.25% price, 0.13x volume
2026-08-24 19:13:20 [INFO] scanner: Checking PYTHUSDT...
2026-08-24 19:13:20 [INFO] scanner: PYTHUSDT: -0.95% price, 0.09x volume
2026-08-24 19:13:20 [INFO] scanner: Checking DOGEUSDT...
2026-08-24 19:13:21 [INFO] scanner: DOGEUSDT: -0.45% price, 0.14x volume
2026-08-24 19:13:21 [INFO] scanner: Checking TUTUSDT...
2026-08-24 19:13:22 [INFO] scanner: TUTUSDT: -1.69% price, 0.06x volume
2026-08-24 19:13:22 [INFO] scanner: Checking SUIUSDT...
2026-08-24 19:13:22 [INFO] scanner: SUIUSDT: -1.29% price, 0.23x volume
2026-08-24 19:13:22 [INFO] scanner: Checking TRUMPUSDT...
2026-08-24 19:13:23 [INFO] scanner: TRUMPUSDT: -1.39% price, 0.22x volume
2026-08-24 19:13:23 [INFO] scanner: Checking ENAUSDT...
2026-08-24 19:13:23 [INFO] scanner: ENAUSDT: -1.04% price, 0.06x volume
2026-08-24 19:13:24 [INFO] scanner: Checking NEARUSDT...
2026-08-24 19:13:24 [INFO] scanner: NEARUSDT: -1.07% price, 0.16x volume
2026-08-24 19:13:24 [INFO] scanner: Checking PEPEUSDT...
2026-08-24 19:13:25 [INFO] scanner: PEPEUSDT: -0.50% price, 0.11x volume
2026-08-24 19:13:25 [INFO] scanner: Checking PUMPUSDT...
2026-08-24 19:13:25 [INFO] scanner: PUMPUSDT: -1.95% price, 0.14x volume
2026-08-24 19:13:25 [INFO] scanner: Checking AAVEUSDT...
2026-08-24 19:13:26 [INFO] scanner: AAVEUSDT: 0.14% price, 0.17x volume
2026-08-24 19:13:26 [INFO] scanner: Checking LINKUSDT...
2026-08-24 19:13:26 [INFO] scanner: LINKUSDT: 0.08% price, 0.13x volume
2026-08-24 19:13:27 [INFO] scanner: Checking ADAUSDT...
2026-08-24 19:13:27 [INFO] scanner: ADAUSDT: -0.59% price, 0.14x volume
2026-08-24 19:13:27 [INFO] scanner: Checking UNIUSDT...
2026-08-24 19:13:28 [INFO] scanner: UNIUSDT: -1.16% price, 0.17x volume
2026-08-24 19:13:28 [INFO] scanner: Checking SNDKBUSDT...
2026-08-24 19:13:28 [INFO] scanner: SNDKBUSDT: -0.11% price, 0.03x volume
2026-08-24 19:13:28 [INFO] scanner: Checking REUSDT...
2026-08-24 19:13:29 [INFO] scanner: REUSDT: -0.04% price, 0.24x volume
2026-08-24 19:13:29 [INFO] scanner: Checking TAOUSDT...
2026-08-24 19:13:29 [INFO] scanner: TAOUSDT: -1.36% price, 0.18x volume
2026-08-24 19:13:30 [INFO] scanner: Checking LTCUSDT...
2026-08-24 19:13:30 [INFO] scanner: LTCUSDT: -0.38% price, 0.14x volume
2026-08-24 19:13:31 [INFO] scanner: Checking PENGUUSDT...
2026-08-24 19:13:32 [INFO] scanner: PENGUUSDT: -1.17% price, 0.22x volume
2026-08-24 19:13:32 [INFO] scanner: Checking XAUTUSDT...
2026-08-24 19:13:32 [INFO] scanner: XAUTUSDT: 0.14% price, 0.06x volume
2026-08-24 19:13:32 [INFO] scanner: Checking TRXUSDT...
2026-08-24 19:13:33 [INFO] scanner: TRXUSDT: 0.09% price, 0.12x volume
2026-08-24 19:13:33 [INFO] scanner: Checking XLMUSDT...
2026-08-24 19:13:34 [INFO] scanner: XLMUSDT: -1.08% price, 0.22x volume
2026-08-24 19:13:34 [INFO] scanner: Checking UUSDT...
2026-08-24 19:13:34 [INFO] scanner: UUSDT: 0.00% price, 0.05x volume
2026-08-24 19:13:35 [INFO] scanner: Checking WLDUSDT...
2026-08-24 19:13:35 [INFO] scanner: WLDUSDT: -1.67% price, 0.20x volume
2026-08-24 19:13:35 [INFO] scanner: Checking PAXGUSDT...
2026-08-24 19:13:36 [INFO] scanner: PAXGUSDT: 0.12% price, 0.37x volume
2026-08-24 19:13:36 [INFO] scanner: Checking AVAXUSDT...
2026-08-24 19:13:36 [INFO] scanner: AVAXUSDT: -0.53% price, 0.31x volume
2026-08-24 19:13:36 [INFO] scanner: Checking ONDOUSDT...
2026-08-24 19:13:37 [INFO] scanner: ONDOUSDT: -0.47% price, 0.17x volume
2026-08-24 19:13:37 [INFO] scanner: Checking MSTRBUSDT...
2026-08-24 19:13:37 [INFO] scanner: MSTRBUSDT: 0.06% price, 0.01x volume
2026-08-24 19:13:38 [INFO] scanner: Checking VIRTUALUSDT...
2026-08-24 19:13:38 [INFO] scanner: VIRTUALUSDT: -1.23% price, 0.04x volume
2026-08-24 19:13:38 [INFO] scanner: Checking BCHUSDT...
2026-08-24 19:13:39 [INFO] scanner: BCHUSDT: -0.37% price, 0.10x volume
2026-08-24 19:13:39 [INFO] scanner: Checking XPLUSDT...
2026-08-24 19:13:39 [INFO] scanner: XPLUSDT: -0.42% price, 0.11x volume
2026-08-24 19:13:39 [INFO] scanner: Checking SPCXBUSDT...
2026-08-24 19:13:40 [INFO] scanner: SPCXBUSDT: -0.49% price, 0.05x volume
2026-08-24 19:13:40 [INFO] scanner: Checking INJUSDT...
2026-08-24 19:13:40 [INFO] scanner: INJUSDT: 1.39% price, 0.10x volume
2026-08-24 19:13:41 [INFO] scanner: Checking PROMUSDT...
2026-08-24 19:13:41 [INFO] scanner: PROMUSDT: 0.33% price, 0.07x volume
2026-08-24 19:13:41 [INFO] scanner: Checking ASTERUSDT...
2026-08-24 19:13:42 [INFO] scanner: ASTERUSDT: -1.16% price, 0.08x volume
2026-08-24 19:13:42 [INFO] scanner: Checking SPKUSDT...
2026-08-24 19:13:42 [INFO] scanner: SPKUSDT: -0.90% price, 0.18x volume
2026-08-24 19:13:42 [INFO] scanner: Checking FETUSDT...
2026-08-24 19:13:43 [INFO] scanner: FETUSDT: -1.39% price, 0.12x volume
2026-08-24 19:13:43 [INFO] scanner: Checking HBARUSDT...
2026-08-24 19:13:43 [INFO] scanner: HBARUSDT: 0.01% price, 0.25x volume
2026-08-24 19:13:44 [INFO] scanner: Checking POLUSDT...
2026-08-24 19:13:44 [INFO] scanner: POLUSDT: -1.27% price, 0.09x volume
2026-08-24 19:13:44 [INFO] scanner: Checking CRCLBUSDT...
2026-08-24 19:13:45 [INFO] scanner: CRCLBUSDT: -0.87% price, 0.34x volume
2026-08-24 19:13:45 [INFO] scanner: Checking MORPHOUSDT...
2026-08-24 19:13:45 [INFO] scanner: MORPHOUSDT: -0.99% price, 0.15x volume
2026-08-24 19:13:45 [INFO] scanner: Checking PORTALUSDT...
2026-08-24 19:13:46 [INFO] scanner: PORTALUSDT: 0.61% price, 0.16x volume
2026-08-24 19:13:46 [INFO] scanner: Checking DASHUSDT...
2026-08-24 19:13:46 [INFO] scanner: DASHUSDT: -1.81% price, 0.17x volume
2026-08-24 19:13:47 [INFO] scanner: Checking WLFIUSDT...
2026-08-24 19:13:47 [INFO] scanner: WLFIUSDT: -0.17% price, 0.08x volume
2026-08-24 19:13:47 [INFO] scanner: Checking ZAMAUSDT...
2026-08-24 19:13:48 [INFO] scanner: ZAMAUSDT: 0.68% price, 0.07x volume
2026-08-24 19:13:48 [INFO] telegram_bot: No symbols passed both conditions
2026-08-24 19:18:23 [INFO] telegram_bot: Starting market scan...
2026-08-24 19:18:24 [INFO] binance_client: Found 474 trading symbols with USDT quote asset (excluding stablecoins)
2026-08-24 19:18:25 [INFO] binance_client: Filtered to 474 symbols from ticker data
2026-08-24 19:18:25 [INFO] binance_client: Top 50 symbols by 24hr quote volume
2026-08-24 19:18:25 [INFO] binance_client: #    Symbol       Quote Volume        
2026-08-24 19:18:25 [INFO] binance_client: ------------------------------------
2026-08-24 19:18:25 [INFO] binance_client: 1    BTCUSDT        2,362,088,174.04
2026-08-24 19:18:25 [INFO] binance_client: 2    ETHUSDT        1,250,738,687.17
2026-08-24 19:18:25 [INFO] binance_client: 3    XRPUSDT          409,018,591.18
2026-08-24 19:18:25 [INFO] binance_client: 4    SOLUSDT          407,466,860.32
2026-08-24 19:18:25 [INFO] binance_client: 5    ZECUSDT          247,116,075.53
2026-08-24 19:18:25 [INFO] binance_client: 6    BNBUSDT          132,862,490.89
2026-08-24 19:18:25 [INFO] binance_client: 7    PYTHUSDT         129,023,433.89
2026-08-24 19:18:25 [INFO] binance_client: 8    DOGEUSDT         107,763,955.92
2026-08-24 19:18:25 [INFO] binance_client: 9    TUTUSDT           95,988,557.40
2026-08-24 19:18:25 [INFO] binance_client: 10   SUIUSDT           86,500,023.12
2026-08-24 19:18:25 [INFO] binance_client: 11   TRUMPUSDT         71,140,920.98
2026-08-24 19:18:25 [INFO] binance_client: 12   ENAUSDT           70,040,003.56
2026-08-24 19:18:25 [INFO] binance_client: 13   NEARUSDT          69,202,749.19
2026-08-24 19:18:25 [INFO] binance_client: 14   PEPEUSDT          65,145,196.24
2026-08-24 19:18:25 [INFO] binance_client: 15   PUMPUSDT          58,809,815.15
2026-08-24 19:18:25 [INFO] binance_client: 16   AAVEUSDT          55,154,838.94
2026-08-24 19:18:25 [INFO] binance_client: 17   LINKUSDT          44,020,796.46
2026-08-24 19:18:25 [INFO] binance_client: 18   ADAUSDT           42,008,993.59
2026-08-24 19:18:25 [INFO] binance_client: 19   UNIUSDT           40,600,266.83
2026-08-24 19:18:25 [INFO] binance_client: 20   SNDKBUSDT         40,487,544.94
2026-08-24 19:18:25 [INFO] binance_client: 21   REUSDT            37,713,084.97
2026-08-24 19:18:25 [INFO] binance_client: 22   TAOUSDT           36,360,675.10
2026-08-24 19:18:25 [INFO] binance_client: 23   LTCUSDT           33,639,087.85
2026-08-24 19:18:25 [INFO] binance_client: 24   PENGUUSDT         33,228,020.64
2026-08-24 19:18:25 [INFO] binance_client: 25   XAUTUSDT          31,405,868.94
2026-08-24 19:18:25 [INFO] binance_client: 26   XLMUSDT           30,562,255.19
2026-08-24 19:18:25 [INFO] binance_client: 27   TRXUSDT           30,535,875.35
2026-08-24 19:18:25 [INFO] binance_client: 28   UUSDT             29,541,406.30
2026-08-24 19:18:25 [INFO] binance_client: 29   WLDUSDT           28,639,582.14
2026-08-24 19:18:25 [INFO] binance_client: 30   PAXGUSDT          22,181,028.86
2026-08-24 19:18:25 [INFO] binance_client: 31   AVAXUSDT          21,801,437.33
2026-08-24 19:18:25 [INFO] binance_client: 32   ONDOUSDT          21,412,263.45
2026-08-24 19:18:25 [INFO] binance_client: 33   MSTRBUSDT         20,970,422.31
2026-08-24 19:18:25 [INFO] binance_client: 34   VIRTUALUSDT       20,859,111.49
2026-08-24 19:18:25 [INFO] binance_client: 35   BCHUSDT           20,274,473.77
2026-08-24 19:18:25 [INFO] binance_client: 36   XPLUSDT           20,181,136.01
2026-08-24 19:18:25 [INFO] binance_client: 37   SPCXBUSDT         19,684,207.43
2026-08-24 19:18:25 [INFO] binance_client: 38   INJUSDT           18,884,930.78
2026-08-24 19:18:25 [INFO] binance_client: 39   PROMUSDT          18,815,750.95
2026-08-24 19:18:25 [INFO] binance_client: 40   ASTERUSDT         18,796,034.74
2026-08-24 19:18:25 [INFO] binance_client: 41   SPKUSDT           18,244,226.14
2026-08-24 19:18:25 [INFO] binance_client: 42   FETUSDT           18,056,917.89
2026-08-24 19:18:25 [INFO] binance_client: 43   HBARUSDT          15,361,913.67
2026-08-24 19:18:25 [INFO] binance_client: 44   POLUSDT           15,042,954.06
2026-08-24 19:18:25 [INFO] binance_client: 45   CRCLBUSDT         14,324,176.66
2026-08-24 19:18:25 [INFO] binance_client: 46   PORTALUSDT        13,863,397.17
2026-08-24 19:18:25 [INFO] binance_client: 47   MORPHOUSDT        13,834,219.95
2026-08-24 19:18:25 [INFO] binance_client: 48   DASHUSDT          12,765,300.54
2026-08-24 19:18:25 [INFO] binance_client: 49   WLFIUSDT          12,166,819.28
2026-08-24 19:18:25 [INFO] binance_client: 50   ZAMAUSDT          11,743,438.66
2026-08-24 19:18:25 [INFO] scanner: Checking BTCUSDT...
2026-08-24 19:18:25 [INFO] scanner: BTCUSDT: 0.02% price, 0.14x volume
2026-08-24 19:18:25 [INFO] scanner: Checking ETHUSDT...
2026-08-24 19:18:26 [INFO] scanner: ETHUSDT: -0.33% price, 0.24x volume
2026-08-24 19:18:26 [INFO] scanner: Checking XRPUSDT...
2026-08-24 19:18:26 [INFO] scanner: XRPUSDT: -0.35% price, 0.32x volume
2026-08-24 19:18:27 [INFO] scanner: Checking SOLUSDT...
2026-08-24 19:18:27 [INFO] scanner: SOLUSDT: -0.19% price, 0.30x volume
2026-08-24 19:18:27 [INFO] scanner: Checking ZECUSDT...
2026-08-24 19:18:28 [INFO] scanner: ZECUSDT: -2.31% price, 0.42x volume
2026-08-24 19:18:28 [INFO] scanner: Checking BNBUSDT...
2026-08-24 19:18:28 [INFO] scanner: BNBUSDT: -0.17% price, 0.17x volume
2026-08-24 19:18:28 [INFO] scanner: Checking PYTHUSDT...
2026-08-24 19:18:29 [INFO] scanner: PYTHUSDT: -0.59% price, 0.12x volume
2026-08-24 19:18:29 [INFO] scanner: Checking DOGEUSDT...
2026-08-24 19:18:29 [INFO] scanner: DOGEUSDT: -0.17% price, 0.17x volume
2026-08-24 19:18:30 [INFO] scanner: Checking TUTUSDT...
2026-08-24 19:18:30 [INFO] scanner: TUTUSDT: -0.63% price, 0.10x volume
2026-08-24 19:18:30 [INFO] scanner: Checking SUIUSDT...
2026-08-24 19:18:31 [INFO] scanner: SUIUSDT: -1.03% price, 0.28x volume
2026-08-24 19:18:31 [INFO] scanner: Checking TRUMPUSDT...
2026-08-24 19:18:31 [INFO] scanner: TRUMPUSDT: -1.06% price, 0.25x volume
2026-08-24 19:18:31 [INFO] scanner: Checking ENAUSDT...
2026-08-24 19:18:32 [INFO] scanner: ENAUSDT: -0.98% price, 0.14x volume
2026-08-24 19:18:32 [INFO] scanner: Checking NEARUSDT...
2026-08-24 19:18:32 [INFO] scanner: NEARUSDT: -1.02% price, 0.21x volume
2026-08-24 19:18:33 [INFO] scanner: Checking PEPEUSDT...
2026-08-24 19:18:33 [INFO] scanner: PEPEUSDT: -0.25% price, 0.13x volume
2026-08-24 19:18:33 [INFO] scanner: Checking PUMPUSDT...
2026-08-24 19:18:34 [INFO] scanner: PUMPUSDT: -1.70% price, 0.17x volume
2026-08-24 19:18:34 [INFO] scanner: Checking AAVEUSDT...
2026-08-24 19:18:34 [INFO] scanner: AAVEUSDT: -0.03% price, 0.20x volume
2026-08-24 19:18:34 [INFO] scanner: Checking LINKUSDT...
2026-08-24 19:18:35 [INFO] scanner: LINKUSDT: 0.22% price, 0.15x volume
2026-08-24 19:18:35 [INFO] scanner: Checking ADAUSDT...
2026-08-24 19:18:37 [INFO] scanner: ADAUSDT: -0.14% price, 0.16x volume
2026-08-24 19:18:37 [INFO] scanner: Checking UNIUSDT...
2026-08-24 19:18:37 [INFO] scanner: UNIUSDT: -1.09% price, 0.23x volume
2026-08-24 19:18:38 [INFO] scanner: Checking SNDKBUSDT...
2026-08-24 19:18:38 [INFO] scanner: SNDKBUSDT: -0.32% price, 0.03x volume
2026-08-24 19:18:38 [INFO] scanner: Checking REUSDT...
2026-08-24 19:18:39 [INFO] scanner: REUSDT: 0.55% price, 0.37x volume
2026-08-24 19:18:39 [INFO] scanner: Checking TAOUSDT...
2026-08-24 19:18:39 [INFO] telegram_bot: Bot stopped
2026-08-24 19:18:43 [INFO] telegram_bot: Send /start to the bot to detect your chat ID
2026-08-24 19:18:51 [INFO] telegram_bot: Detected chat_id: 471974990
2026-08-24 19:18:51 [INFO] telegram_bot: Starting market scan...
2026-08-24 19:18:52 [INFO] binance_client: Found 474 trading symbols with USDT quote asset (excluding stablecoins)
2026-08-24 19:18:53 [INFO] binance_client: Filtered to 474 symbols from ticker data
2026-08-24 19:18:53 [INFO] binance_client: Top 50 symbols by 24hr quote volume
2026-08-24 19:18:53 [INFO] binance_client: #    Symbol       Quote Volume        
2026-08-24 19:18:53 [INFO] binance_client: ------------------------------------
2026-08-24 19:18:53 [INFO] binance_client: 1    BTCUSDT        2,362,555,929.29
2026-08-24 19:18:53 [INFO] binance_client: 2    ETHUSDT        1,251,552,151.42
2026-08-24 19:18:53 [INFO] binance_client: 3    XRPUSDT          409,086,808.39
2026-08-24 19:18:53 [INFO] binance_client: 4    SOLUSDT          407,596,526.75
2026-08-24 19:18:53 [INFO] binance_client: 5    ZECUSDT          247,199,857.73
2026-08-24 19:18:53 [INFO] binance_client: 6    BNBUSDT          132,902,717.47
2026-08-24 19:18:53 [INFO] binance_client: 7    PYTHUSDT         129,024,243.48
2026-08-24 19:18:53 [INFO] binance_client: 8    DOGEUSDT         107,773,499.99
2026-08-24 19:18:53 [INFO] binance_client: 9    TUTUSDT           95,968,758.47
2026-08-24 19:18:53 [INFO] binance_client: 10   SUIUSDT           86,504,436.73
2026-08-24 19:18:53 [INFO] binance_client: 11   TRUMPUSDT         71,146,371.18
2026-08-24 19:18:53 [INFO] binance_client: 12   ENAUSDT           70,042,853.54
2026-08-24 19:18:53 [INFO] binance_client: 13   NEARUSDT          69,198,478.97
2026-08-24 19:18:53 [INFO] binance_client: 14   PEPEUSDT          65,187,586.62
2026-08-24 19:18:53 [INFO] binance_client: 15   PUMPUSDT          58,814,492.27
2026-08-24 19:18:53 [INFO] binance_client: 16   AAVEUSDT          55,153,433.15
2026-08-24 19:18:53 [INFO] binance_client: 17   LINKUSDT          44,021,429.64
2026-08-24 19:18:53 [INFO] binance_client: 18   ADAUSDT           42,008,038.09
2026-08-24 19:18:53 [INFO] binance_client: 19   UNIUSDT           40,603,548.58
2026-08-24 19:18:53 [INFO] binance_client: 20   SNDKBUSDT         40,487,538.47
2026-08-24 19:18:53 [INFO] binance_client: 21   REUSDT            37,720,094.78
2026-08-24 19:18:53 [INFO] binance_client: 22   TAOUSDT           36,358,740.38
2026-08-24 19:18:53 [INFO] binance_client: 23   LTCUSDT           33,641,510.40
2026-08-24 19:18:53 [INFO] binance_client: 24   PENGUUSDT         33,110,069.19
2026-08-24 19:18:53 [INFO] binance_client: 25   XAUTUSDT          31,420,855.66
2026-08-24 19:18:53 [INFO] binance_client: 26   XLMUSDT           30,571,601.41
2026-08-24 19:18:53 [INFO] binance_client: 27   TRXUSDT           30,538,822.01
2026-08-24 19:18:53 [INFO] binance_client: 28   UUSDT             29,547,613.93
2026-08-24 19:18:53 [INFO] binance_client: 29   WLDUSDT           28,646,323.38
2026-08-24 19:18:53 [INFO] binance_client: 30   PAXGUSDT          22,186,366.00
2026-08-24 19:18:53 [INFO] binance_client: 31   AVAXUSDT          21,822,149.71
2026-08-24 19:18:53 [INFO] binance_client: 32   ONDOUSDT          21,414,202.09
2026-08-24 19:18:53 [INFO] binance_client: 33   MSTRBUSDT         20,970,734.06
2026-08-24 19:18:53 [INFO] binance_client: 34   VIRTUALUSDT       20,856,391.44
2026-08-24 19:18:53 [INFO] binance_client: 35   BCHUSDT           20,273,350.19
2026-08-24 19:18:53 [INFO] binance_client: 36   XPLUSDT           20,178,499.96
2026-08-24 19:18:53 [INFO] binance_client: 37   SPCXBUSDT         19,679,436.65
2026-08-24 19:18:53 [INFO] binance_client: 38   INJUSDT           19,081,560.53
2026-08-24 19:18:53 [INFO] binance_client: 39   PROMUSDT          18,813,302.06
2026-08-24 19:18:53 [INFO] binance_client: 40   ASTERUSDT         18,794,973.73
2026-08-24 19:18:53 [INFO] binance_client: 41   SPKUSDT           18,241,168.10
2026-08-24 19:18:53 [INFO] binance_client: 42   FETUSDT           18,059,026.10
2026-08-24 19:18:53 [INFO] binance_client: 43   HBARUSDT          15,366,791.76
2026-08-24 19:18:53 [INFO] binance_client: 44   POLUSDT           15,042,396.56
2026-08-24 19:18:53 [INFO] binance_client: 45   CRCLBUSDT         14,324,312.25
2026-08-24 19:18:53 [INFO] binance_client: 46   PORTALUSDT        13,864,837.30
2026-08-24 19:18:53 [INFO] binance_client: 47   MORPHOUSDT        13,831,395.20
2026-08-24 19:18:53 [INFO] binance_client: 48   DASHUSDT          12,764,337.69
2026-08-24 19:18:53 [INFO] binance_client: 49   WLFIUSDT          12,167,035.08
2026-08-24 19:18:53 [INFO] binance_client: 50   ZAMAUSDT          11,739,713.85
2026-08-24 19:18:53 [INFO] scanner: Checking BTCUSDT...
2026-08-24 19:18:53 [INFO] scanner: BTCUSDT: 0.02% price, 0.37x volume
2026-08-24 19:18:53 [INFO] scanner: Checking ETHUSDT...
2026-08-24 19:18:54 [INFO] scanner: ETHUSDT: -0.33% price, 0.57x volume
2026-08-24 19:18:54 [INFO] scanner: Checking XRPUSDT...
2026-08-24 19:18:54 [INFO] scanner: XRPUSDT: -0.35% price, 0.76x volume
2026-08-24 19:18:54 [INFO] scanner: Checking SOLUSDT...
2026-08-24 19:18:55 [INFO] scanner: SOLUSDT: -0.19% price, 0.69x volume
2026-08-24 19:18:55 [INFO] scanner: Checking ZECUSDT...
2026-08-24 19:18:56 [INFO] scanner: ZECUSDT: -2.31% price, 0.75x volume
2026-08-24 19:18:56 [INFO] scanner: Checking BNBUSDT...
2026-08-24 19:18:56 [INFO] scanner: BNBUSDT: -0.17% price, 0.36x volume
2026-08-24 19:18:56 [INFO] scanner: Checking PYTHUSDT...
2026-08-24 19:18:57 [INFO] scanner: PYTHUSDT: -0.59% price, 0.51x volume
2026-08-24 19:18:57 [INFO] scanner: Checking DOGEUSDT...
2026-08-24 19:18:57 [INFO] scanner: DOGEUSDT: -0.17% price, 0.46x volume
2026-08-24 19:18:57 [INFO] scanner: Checking TUTUSDT...
2026-08-24 19:18:58 [INFO] scanner: TUTUSDT: -0.63% price, 0.25x volume
2026-08-24 19:18:58 [INFO] scanner: Checking SUIUSDT...
2026-08-24 19:18:59 [INFO] scanner: SUIUSDT: -1.03% price, 1.55x volume
2026-08-24 19:18:59 [INFO] scanner: Checking TRUMPUSDT...
2026-08-24 19:18:59 [INFO] scanner: TRUMPUSDT: -1.06% price, 0.51x volume
2026-08-24 19:18:59 [INFO] scanner: Checking ENAUSDT...
2026-08-24 19:19:00 [INFO] scanner: ENAUSDT: -0.98% price, 0.33x volume
2026-08-24 19:19:00 [INFO] scanner: Checking NEARUSDT...
2026-08-24 19:19:00 [INFO] scanner: NEARUSDT: -1.02% price, 0.58x volume
2026-08-24 19:19:01 [INFO] scanner: Checking PEPEUSDT...
2026-08-24 19:19:01 [INFO] scanner: PEPEUSDT: -0.25% price, 0.42x volume
2026-08-24 19:19:01 [INFO] scanner: Checking PUMPUSDT...
2026-08-24 19:19:02 [INFO] scanner: PUMPUSDT: -1.70% price, 0.74x volume
2026-08-24 19:19:02 [INFO] scanner: Checking AAVEUSDT...
2026-08-24 19:19:02 [INFO] scanner: AAVEUSDT: -0.03% price, 0.41x volume
2026-08-24 19:19:02 [INFO] scanner: Checking LINKUSDT...
2026-08-24 19:19:03 [INFO] scanner: LINKUSDT: 0.22% price, 0.44x volume
2026-08-24 19:19:03 [INFO] scanner: Checking ADAUSDT...
2026-08-24 19:19:03 [INFO] scanner: ADAUSDT: -0.14% price, 0.43x volume
2026-08-24 19:19:04 [INFO] scanner: Checking UNIUSDT...
2026-08-24 19:19:04 [INFO] scanner: UNIUSDT: -1.09% price, 0.49x volume
2026-08-24 19:19:04 [INFO] scanner: Checking SNDKBUSDT...
2026-08-24 19:19:05 [INFO] scanner: SNDKBUSDT: -0.32% price, 0.19x volume
2026-08-24 19:19:05 [INFO] scanner: Checking REUSDT...
2026-08-24 19:19:05 [INFO] scanner: REUSDT: 0.55% price, 1.30x volume
2026-08-24 19:19:05 [INFO] scanner: Checking TAOUSDT...
2026-08-24 19:19:06 [INFO] scanner: TAOUSDT: -1.44% price, 0.52x volume
2026-08-24 19:19:06 [INFO] scanner: Checking LTCUSDT...
2026-08-24 19:19:06 [INFO] scanner: LTCUSDT: -0.31% price, 0.41x volume
2026-08-24 19:19:07 [INFO] scanner: Checking PENGUUSDT...
2026-08-24 19:19:07 [INFO] scanner: PENGUUSDT: -0.89% price, 0.61x volume
2026-08-24 19:19:07 [INFO] scanner: Checking XAUTUSDT...
2026-08-24 19:19:08 [INFO] scanner: XAUTUSDT: 0.10% price, 0.36x volume
2026-08-24 19:19:08 [INFO] scanner: Checking XLMUSDT...
2026-08-24 19:19:08 [INFO] scanner: XLMUSDT: -0.72% price, 0.54x volume
2026-08-24 19:19:08 [INFO] scanner: Checking TRXUSDT...
2026-08-24 19:19:09 [INFO] scanner: TRXUSDT: 0.06% price, 0.40x volume
2026-08-24 19:19:09 [INFO] scanner: Checking UUSDT...
2026-08-24 19:19:09 [INFO] scanner: UUSDT: 0.01% price, 0.25x volume
2026-08-24 19:19:10 [INFO] scanner: Checking WLDUSDT...
2026-08-24 19:19:10 [INFO] scanner: WLDUSDT: -0.99% price, 0.72x volume
2026-08-24 19:19:10 [INFO] scanner: Checking PAXGUSDT...
2026-08-24 19:19:11 [INFO] scanner: PAXGUSDT: 0.11% price, 0.70x volume
2026-08-24 19:19:11 [INFO] scanner: Checking AVAXUSDT...
2026-08-24 19:19:11 [INFO] scanner: AVAXUSDT: -0.50% price, 0.65x volume
2026-08-24 19:19:12 [INFO] scanner: Checking ONDOUSDT...
2026-08-24 19:19:12 [INFO] scanner: ONDOUSDT: -0.08% price, 0.66x volume
2026-08-24 19:19:12 [INFO] scanner: Checking MSTRBUSDT...
2026-08-24 19:19:13 [INFO] scanner: MSTRBUSDT: -0.13% price, 0.05x volume
2026-08-24 19:19:13 [INFO] scanner: Checking VIRTUALUSDT...
2026-08-24 19:19:13 [INFO] scanner: VIRTUALUSDT: -0.62% price, 0.16x volume
2026-08-24 19:19:13 [INFO] scanner: Checking BCHUSDT...
2026-08-24 19:19:14 [INFO] scanner: BCHUSDT: -0.33% price, 0.47x volume
2026-08-24 19:19:14 [INFO] scanner: Checking XPLUSDT...
2026-08-24 19:19:14 [INFO] scanner: XPLUSDT: -0.62% price, 0.41x volume
2026-08-24 19:19:15 [INFO] scanner: Checking SPCXBUSDT...
2026-08-24 19:19:15 [INFO] scanner: SPCXBUSDT: -0.63% price, 0.25x volume
2026-08-24 19:19:15 [INFO] scanner: Checking INJUSDT...
2026-08-24 19:19:16 [INFO] scanner: INJUSDT: -0.98% price, 0.52x volume
2026-08-24 19:19:16 [INFO] scanner: Checking PROMUSDT...
2026-08-24 19:19:16 [INFO] scanner: PROMUSDT: 0.30% price, 0.41x volume
2026-08-24 19:19:16 [INFO] scanner: Checking ASTERUSDT...
2026-08-24 19:19:17 [INFO] scanner: ASTERUSDT: -0.73% price, 0.29x volume
2026-08-24 19:19:17 [INFO] scanner: Checking SPKUSDT...
2026-08-24 19:19:17 [INFO] scanner: SPKUSDT: -1.03% price, 0.82x volume
2026-08-24 19:19:18 [INFO] scanner: Checking FETUSDT...
2026-08-24 19:19:18 [INFO] scanner: FETUSDT: -0.69% price, 0.29x volume
2026-08-24 19:19:18 [INFO] scanner: Checking HBARUSDT...
2026-08-24 19:19:19 [INFO] scanner: HBARUSDT: 0.38% price, 0.91x volume
2026-08-24 19:19:19 [INFO] scanner: Checking POLUSDT...
2026-08-24 19:19:19 [INFO] scanner: POLUSDT: -1.50% price, 0.65x volume
2026-08-24 19:19:19 [INFO] scanner: Checking CRCLBUSDT...
2026-08-24 19:19:20 [INFO] scanner: CRCLBUSDT: -0.66% price, 0.74x volume
2026-08-24 19:19:20 [INFO] scanner: Checking PORTALUSDT...
2026-08-24 19:19:20 [INFO] scanner: PORTALUSDT: -0.60% price, 0.46x volume
2026-08-24 19:19:21 [INFO] scanner: Checking MORPHOUSDT...
2026-08-24 19:19:21 [INFO] scanner: MORPHOUSDT: -1.37% price, 0.39x volume
2026-08-24 19:19:21 [INFO] scanner: Checking DASHUSDT...
2026-08-24 19:19:22 [INFO] scanner: DASHUSDT: -2.25% price, 0.53x volume
2026-08-24 19:19:22 [INFO] scanner: Checking WLFIUSDT...
2026-08-24 19:19:22 [INFO] scanner: WLFIUSDT: -0.35% price, 1.16x volume
2026-08-24 19:19:22 [INFO] scanner: Checking ZAMAUSDT...
2026-08-24 19:19:23 [INFO] scanner: ZAMAUSDT: 0.16% price, 0.85x volume
2026-08-24 19:19:23 [INFO] telegram_bot: No symbols passed both conditions
2026-08-24 19:19:57 [INFO] telegram_bot: Send /start to the bot to detect your chat ID
2026-08-24 19:20:02 [INFO] telegram_bot: Detected chat_id: 471974990
2026-08-24 19:20:02 [INFO] telegram_bot: Starting market scan...
2026-08-24 19:20:04 [INFO] binance_client: Found 474 trading symbols with USDT quote asset (excluding stablecoins)
2026-08-24 19:20:05 [INFO] binance_client: Filtered to 474 symbols from ticker data
2026-08-24 19:20:05 [INFO] binance_client: Top 50 symbols by 24hr quote volume
2026-08-24 19:20:05 [INFO] binance_client: #    Symbol       Quote Volume        
2026-08-24 19:20:05 [INFO] binance_client: ------------------------------------
2026-08-24 19:20:05 [INFO] binance_client: 1    BTCUSDT        2,366,033,811.87
2026-08-24 19:20:05 [INFO] binance_client: 2    ETHUSDT        1,252,702,909.16
2026-08-24 19:20:05 [INFO] binance_client: 3    XRPUSDT          409,332,965.66
2026-08-24 19:20:05 [INFO] binance_client: 4    SOLUSDT          407,759,217.86
2026-08-24 19:20:05 [INFO] binance_client: 5    ZECUSDT          247,235,152.70
2026-08-24 19:20:05 [INFO] binance_client: 6    BNBUSDT          133,010,990.02
2026-08-24 19:20:05 [INFO] binance_client: 7    PYTHUSDT         129,024,604.44
2026-08-24 19:20:05 [INFO] binance_client: 8    DOGEUSDT         107,793,334.97
2026-08-24 19:20:05 [INFO] binance_client: 9    TUTUSDT           95,973,710.11
2026-08-24 19:20:05 [INFO] binance_client: 10   SUIUSDT           86,580,141.61
2026-08-24 19:20:05 [INFO] binance_client: 11   TRUMPUSDT         71,170,495.00
2026-08-24 19:20:05 [INFO] binance_client: 12   ENAUSDT           70,043,855.44
2026-08-24 19:20:05 [INFO] binance_client: 13   NEARUSDT          69,399,639.13
2026-08-24 19:20:05 [INFO] binance_client: 14   PEPEUSDT          65,222,128.79
2026-08-24 19:20:05 [INFO] binance_client: 15   PUMPUSDT          58,841,290.22
2026-08-24 19:20:05 [INFO] binance_client: 16   AAVEUSDT          55,143,786.41
2026-08-24 19:20:05 [INFO] binance_client: 17   LINKUSDT          44,033,069.76
2026-08-24 19:20:05 [INFO] binance_client: 18   ADAUSDT           42,013,048.39
2026-08-24 19:20:05 [INFO] binance_client: 19   UNIUSDT           40,613,268.30
2026-08-24 19:20:05 [INFO] binance_client: 20   SNDKBUSDT         40,494,631.12
2026-08-24 19:20:05 [INFO] binance_client: 21   REUSDT            37,803,829.22
2026-08-24 19:20:05 [INFO] binance_client: 22   TAOUSDT           36,451,460.44
2026-08-24 19:20:05 [INFO] binance_client: 23   LTCUSDT           33,618,461.50
2026-08-24 19:20:05 [INFO] binance_client: 24   PENGUUSDT         33,072,649.33
2026-08-24 19:20:05 [INFO] binance_client: 25   XAUTUSDT          31,452,533.74
2026-08-24 19:20:05 [INFO] binance_client: 26   XLMUSDT           30,577,789.23
2026-08-24 19:20:05 [INFO] binance_client: 27   TRXUSDT           30,557,115.27
2026-08-24 19:20:05 [INFO] binance_client: 28   UUSDT             29,580,803.87
2026-08-24 19:20:05 [INFO] binance_client: 29   WLDUSDT           28,669,250.53
2026-08-24 19:20:05 [INFO] binance_client: 30   PAXGUSDT          22,186,914.29
2026-08-24 19:20:05 [INFO] binance_client: 31   AVAXUSDT          21,848,446.91
2026-08-24 19:20:05 [INFO] binance_client: 32   ONDOUSDT          21,431,383.39
2026-08-24 19:20:05 [INFO] binance_client: 33   MSTRBUSDT         20,974,422.30
2026-08-24 19:20:05 [INFO] binance_client: 34   VIRTUALUSDT       20,860,850.78
2026-08-24 19:20:05 [INFO] binance_client: 35   BCHUSDT           20,335,199.41
2026-08-24 19:20:05 [INFO] binance_client: 36   XPLUSDT           20,175,726.98
2026-08-24 19:20:05 [INFO] binance_client: 37   SPCXBUSDT         19,682,170.82
2026-08-24 19:20:05 [INFO] binance_client: 38   INJUSDT           19,093,564.55
2026-08-24 19:20:05 [INFO] binance_client: 39   ASTERUSDT         18,799,585.55
2026-08-24 19:20:05 [INFO] binance_client: 40   PROMUSDT          18,794,731.02
2026-08-24 19:20:05 [INFO] binance_client: 41   SPKUSDT           18,191,619.90
2026-08-24 19:20:05 [INFO] binance_client: 42   FETUSDT           18,069,192.25
2026-08-24 19:20:05 [INFO] binance_client: 43   HBARUSDT          15,360,163.76
2026-08-24 19:20:05 [INFO] binance_client: 44   POLUSDT           15,043,882.38
2026-08-24 19:20:05 [INFO] binance_client: 45   CRCLBUSDT         14,373,156.85
2026-08-24 19:20:05 [INFO] binance_client: 46   PORTALUSDT        13,865,364.10
2026-08-24 19:20:05 [INFO] binance_client: 47   MORPHOUSDT        13,825,781.12
2026-08-24 19:20:05 [INFO] binance_client: 48   DASHUSDT          12,773,754.68
2026-08-24 19:20:05 [INFO] binance_client: 49   WLFIUSDT          12,173,786.09
2026-08-24 19:20:05 [INFO] binance_client: 50   ZAMAUSDT          11,729,935.28
2026-08-24 19:20:05 [INFO] scanner: Checking BTCUSDT...
2026-08-24 19:20:05 [INFO] scanner: BTCUSDT: -0.34% price, 0.38x volume
2026-08-24 19:20:05 [INFO] scanner: Checking ETHUSDT...
2026-08-24 19:20:06 [INFO] scanner: ETHUSDT: -0.66% price, 0.58x volume
2026-08-24 19:20:06 [INFO] scanner: Checking XRPUSDT...
2026-08-24 19:20:06 [INFO] scanner: XRPUSDT: -0.99% price, 0.81x volume
2026-08-24 19:20:07 [INFO] scanner: Checking SOLUSDT...
2026-08-24 19:20:07 [INFO] scanner: SOLUSDT: -0.73% price, 0.65x volume
2026-08-24 19:20:07 [INFO] scanner: Checking ZECUSDT...
2026-08-24 19:20:08 [INFO] scanner: ZECUSDT: -2.33% price, 0.88x volume
2026-08-24 19:20:08 [INFO] scanner: Checking BNBUSDT...
2026-08-24 19:20:08 [INFO] scanner: BNBUSDT: -0.52% price, 0.39x volume
2026-08-24 19:20:08 [INFO] scanner: Checking PYTHUSDT...
2026-08-24 19:20:09 [INFO] scanner: PYTHUSDT: -0.87% price, 0.52x volume
2026-08-24 19:20:09 [INFO] scanner: Checking DOGEUSDT...
2026-08-24 19:20:09 [INFO] scanner: DOGEUSDT: -0.64% price, 0.46x volume
2026-08-24 19:20:10 [INFO] scanner: Checking TUTUSDT...
2026-08-24 19:20:10 [INFO] scanner: TUTUSDT: 0.00% price, 0.25x volume
2026-08-24 19:20:10 [INFO] scanner: Checking SUIUSDT...
2026-08-24 19:20:11 [INFO] scanner: SUIUSDT: -1.63% price, 1.58x volume
2026-08-24 19:20:11 [INFO] scanner: Checking TRUMPUSDT...
2026-08-24 19:20:11 [INFO] scanner: TRUMPUSDT: -1.54% price, 0.52x volume
2026-08-24 19:20:11 [INFO] scanner: Checking ENAUSDT...
2026-08-24 19:20:12 [INFO] scanner: ENAUSDT: -0.85% price, 0.35x volume
2026-08-24 19:20:12 [INFO] scanner: Checking NEARUSDT...
2026-08-24 19:20:13 [INFO] scanner: NEARUSDT: -1.12% price, 0.64x volume
2026-08-24 19:20:13 [INFO] scanner: Checking PEPEUSDT...
2026-08-24 19:20:13 [INFO] scanner: PEPEUSDT: -0.75% price, 0.42x volume
2026-08-24 19:20:13 [INFO] scanner: Checking PUMPUSDT...
2026-08-24 19:20:14 [INFO] scanner: PUMPUSDT: -2.45% price, 0.71x volume
2026-08-24 19:20:14 [INFO] scanner: Checking AAVEUSDT...
2026-08-24 19:20:14 [INFO] scanner: AAVEUSDT: -0.63% price, 0.42x volume
2026-08-24 19:20:14 [INFO] scanner: Checking LINKUSDT...
2026-08-24 19:20:15 [INFO] scanner: LINKUSDT: -0.21% price, 0.43x volume
2026-08-24 19:20:15 [INFO] scanner: Checking ADAUSDT...
2026-08-24 19:20:16 [INFO] scanner: ADAUSDT: -0.55% price, 0.44x volume
2026-08-24 19:20:16 [INFO] scanner: Checking UNIUSDT...
2026-08-24 19:20:16 [INFO] scanner: UNIUSDT: -1.28% price, 0.50x volume
2026-08-24 19:20:16 [INFO] scanner: Checking SNDKBUSDT...
2026-08-24 19:20:17 [INFO] scanner: SNDKBUSDT: -0.20% price, 0.17x volume
2026-08-24 19:20:17 [INFO] scanner: Checking REUSDT...
2026-08-24 19:20:17 [INFO] scanner: REUSDT: 0.44% price, 1.36x volume
2026-08-24 19:20:18 [INFO] scanner: Checking TAOUSDT...
2026-08-24 19:20:18 [INFO] scanner: TAOUSDT: -2.02% price, 0.61x volume
2026-08-24 19:20:18 [INFO] scanner: Checking LTCUSDT...
2026-08-24 19:20:19 [INFO] scanner: LTCUSDT: -0.75% price, 0.40x volume
2026-08-24 19:20:19 [INFO] scanner: Checking PENGUUSDT...
2026-08-24 19:20:19 [INFO] scanner: PENGUUSDT: -1.68% price, 0.59x volume
2026-08-24 19:20:19 [INFO] scanner: Checking XAUTUSDT...
2026-08-24 19:20:20 [INFO] scanner: XAUTUSDT: 0.28% price, 0.35x volume
2026-08-24 19:20:20 [INFO] scanner: Checking XLMUSDT...
2026-08-24 19:20:20 [INFO] scanner: XLMUSDT: -1.13% price, 0.54x volume
2026-08-24 19:20:21 [INFO] scanner: Checking TRXUSDT...
2026-08-24 19:20:21 [INFO] scanner: TRXUSDT: 0.03% price, 0.42x volume
2026-08-24 19:20:21 [INFO] scanner: Checking UUSDT...
2026-08-24 19:20:22 [INFO] scanner: UUSDT: 0.00% price, 0.26x volume
2026-08-24 19:20:22 [INFO] scanner: Checking WLDUSDT...
2026-08-24 19:20:22 [INFO] scanner: WLDUSDT: -1.75% price, 0.73x volume
2026-08-24 19:20:22 [INFO] scanner: Checking PAXGUSDT...
2026-08-24 19:20:23 [INFO] scanner: PAXGUSDT: 0.28% price, 0.71x volume
2026-08-24 19:20:23 [INFO] scanner: Checking AVAXUSDT...
2026-08-24 19:20:23 [INFO] scanner: AVAXUSDT: -0.63% price, 0.80x volume
2026-08-24 19:20:24 [INFO] scanner: Checking ONDOUSDT...
2026-08-24 19:20:24 [INFO] scanner: ONDOUSDT: -0.18% price, 0.63x volume
2026-08-24 19:20:24 [INFO] scanner: Checking MSTRBUSDT...
2026-08-24 19:20:25 [INFO] scanner: MSTRBUSDT: -0.79% price, 0.04x volume
2026-08-24 19:20:25 [INFO] scanner: Checking VIRTUALUSDT...
2026-08-24 19:20:25 [INFO] scanner: VIRTUALUSDT: -1.30% price, 0.17x volume
2026-08-24 19:20:25 [INFO] scanner: Checking BCHUSDT...
2026-08-24 19:20:26 [INFO] scanner: BCHUSDT: -0.56% price, 0.47x volume
2026-08-24 19:20:26 [INFO] scanner: Checking XPLUSDT...
2026-08-24 19:20:26 [INFO] scanner: XPLUSDT: -1.31% price, 0.41x volume
2026-08-24 19:20:27 [INFO] scanner: Checking SPCXBUSDT...
2026-08-24 19:20:27 [INFO] scanner: SPCXBUSDT: -0.46% price, 0.23x volume
2026-08-24 19:20:27 [INFO] scanner: Checking INJUSDT...
2026-08-24 19:20:28 [INFO] scanner: INJUSDT: -2.74% price, 0.62x volume
2026-08-24 19:20:28 [INFO] scanner: Checking ASTERUSDT...
2026-08-24 19:20:28 [INFO] scanner: ASTERUSDT: -0.58% price, 0.31x volume
2026-08-24 19:20:28 [INFO] scanner: Checking PROMUSDT...
2026-08-24 19:20:29 [INFO] scanner: PROMUSDT: -0.54% price, 0.36x volume
2026-08-24 19:20:29 [INFO] scanner: Checking SPKUSDT...
2026-08-24 19:20:29 [INFO] scanner: SPKUSDT: -1.54% price, 0.82x volume
2026-08-24 19:20:30 [INFO] scanner: Checking FETUSDT...
2026-08-24 19:20:30 [INFO] scanner: FETUSDT: -1.27% price, 0.30x volume
2026-08-24 19:20:30 [INFO] scanner: Checking HBARUSDT...
2026-08-24 19:20:31 [INFO] scanner: HBARUSDT: -0.24% price, 0.88x volume
2026-08-24 19:20:31 [INFO] scanner: Checking POLUSDT...
2026-08-24 19:20:31 [INFO] scanner: POLUSDT: -1.27% price, 0.63x volume
2026-08-24 19:20:31 [INFO] scanner: Checking CRCLBUSDT...
2026-08-24 19:20:32 [INFO] scanner: CRCLBUSDT: -1.29% price, 0.78x volume
2026-08-24 19:20:32 [INFO] scanner: Checking PORTALUSDT...
2026-08-24 19:20:32 [INFO] scanner: PORTALUSDT: -0.61% price, 0.45x volume
2026-08-24 19:20:33 [INFO] scanner: Checking MORPHOUSDT...
2026-08-24 19:20:33 [INFO] scanner: MORPHOUSDT: -1.61% price, 0.41x volume
2026-08-24 19:20:33 [INFO] scanner: Checking DASHUSDT...
2026-08-24 19:20:34 [INFO] scanner: DASHUSDT: -2.00% price, 0.46x volume
2026-08-24 19:20:34 [INFO] scanner: Checking WLFIUSDT...
2026-08-24 19:20:34 [INFO] scanner: WLFIUSDT: -0.52% price, 1.01x volume
2026-08-24 19:20:34 [INFO] scanner: Checking ZAMAUSDT...
2026-08-24 19:20:35 [INFO] scanner: ZAMAUSDT: 0.82% price, 0.77x volume
2026-08-24 19:20:35 [INFO] telegram_bot: No symbols passed both conditions
2026-08-24 19:20:50 [INFO] telegram_bot: Bot stopped
2026-08-24 19:21:27 [INFO] telegram_bot: Send /start to the bot to detect your chat ID
2026-08-24 19:21:32 [INFO] telegram_bot: Detected chat_id: 471974990
2026-08-24 19:21:32 [INFO] telegram_bot: Starting market scan...
2026-08-24 19:21:33 [INFO] binance_client: Found 474 trading symbols with USDT quote asset (excluding stablecoins)
2026-08-24 19:21:33 [INFO] binance_client: Filtered to 474 symbols from ticker data
2026-08-24 19:21:33 [INFO] binance_client: Top 50 symbols by 24hr quote volume
2026-08-24 19:21:33 [INFO] binance_client: #    Symbol       Quote Volume        
2026-08-24 19:21:33 [INFO] binance_client: ------------------------------------
2026-08-24 19:21:33 [INFO] binance_client: 1    BTCUSDT        2,367,561,280.70
2026-08-24 19:21:33 [INFO] binance_client: 2    ETHUSDT        1,253,928,554.26
2026-08-24 19:21:33 [INFO] binance_client: 3    XRPUSDT          409,260,280.66
2026-08-24 19:21:33 [INFO] binance_client: 4    SOLUSDT          407,867,710.32
2026-08-24 19:21:33 [INFO] binance_client: 5    ZECUSDT          247,376,326.86
2026-08-24 19:21:33 [INFO] binance_client: 6    BNBUSDT          133,042,627.09
2026-08-24 19:21:33 [INFO] binance_client: 7    PYTHUSDT         129,022,971.30
2026-08-24 19:21:33 [INFO] binance_client: 8    DOGEUSDT         107,698,815.42
2026-08-24 19:21:33 [INFO] binance_client: 9    TUTUSDT           95,974,812.38
2026-08-24 19:21:33 [INFO] binance_client: 10   SUIUSDT           86,579,003.04
2026-08-24 19:21:33 [INFO] binance_client: 11   TRUMPUSDT         71,157,682.38
2026-08-24 19:21:33 [INFO] binance_client: 12   ENAUSDT           70,040,677.02
2026-08-24 19:21:33 [INFO] binance_client: 13   NEARUSDT          69,520,521.46
2026-08-24 19:21:33 [INFO] binance_client: 14   PEPEUSDT          65,236,266.36
2026-08-24 19:21:33 [INFO] binance_client: 15   PUMPUSDT          58,842,674.74
2026-08-24 19:21:33 [INFO] binance_client: 16   AAVEUSDT          55,131,331.61
2026-08-24 19:21:33 [INFO] binance_client: 17   LINKUSDT          44,033,684.37
2026-08-24 19:21:33 [INFO] binance_client: 18   ADAUSDT           42,003,232.09
2026-08-24 19:21:33 [INFO] binance_client: 19   UNIUSDT           40,603,909.92
2026-08-24 19:21:33 [INFO] binance_client: 20   SNDKBUSDT         40,492,624.60
2026-08-24 19:21:33 [INFO] binance_client: 21   REUSDT            37,888,992.95
2026-08-24 19:21:33 [INFO] binance_client: 22   TAOUSDT           36,454,891.05
2026-08-24 19:21:33 [INFO] binance_client: 23   LTCUSDT           33,638,562.03
2026-08-24 19:21:33 [INFO] binance_client: 24   PENGUUSDT         33,075,667.98
2026-08-24 19:21:33 [INFO] binance_client: 25   XAUTUSDT          31,455,841.27
2026-08-24 19:21:33 [INFO] binance_client: 26   XLMUSDT           30,593,013.10
2026-08-24 19:21:33 [INFO] binance_client: 27   TRXUSDT           30,556,223.61
2026-08-24 19:21:33 [INFO] binance_client: 28   UUSDT             29,583,406.05
2026-08-24 19:21:33 [INFO] binance_client: 29   WLDUSDT           28,668,169.52
2026-08-24 19:21:33 [INFO] binance_client: 30   PAXGUSDT          22,198,063.38
2026-08-24 19:21:33 [INFO] binance_client: 31   AVAXUSDT          21,848,872.09
2026-08-24 19:21:33 [INFO] binance_client: 32   ONDOUSDT          21,434,549.61
2026-08-24 19:21:33 [INFO] binance_client: 33   MSTRBUSDT         20,974,634.01
2026-08-24 19:21:33 [INFO] binance_client: 34   VIRTUALUSDT       20,860,171.13
2026-08-24 19:21:33 [INFO] binance_client: 35   BCHUSDT           20,361,252.42
2026-08-24 19:21:33 [INFO] binance_client: 36   XPLUSDT           20,173,958.63
2026-08-24 19:21:33 [INFO] binance_client: 37   SPCXBUSDT         19,684,550.66
2026-08-24 19:21:33 [INFO] binance_client: 38   INJUSDT           19,092,422.91
2026-08-24 19:21:33 [INFO] binance_client: 39   ASTERUSDT         18,787,315.61
2026-08-24 19:21:33 [INFO] binance_client: 40   PROMUSDT          18,781,263.70
2026-08-24 19:21:33 [INFO] binance_client: 41   SPKUSDT           18,161,687.62
2026-08-24 19:21:33 [INFO] binance_client: 42   FETUSDT           18,070,310.59
2026-08-24 19:21:33 [INFO] binance_client: 43   HBARUSDT          15,371,156.03
2026-08-24 19:21:33 [INFO] binance_client: 44   POLUSDT           15,044,977.75
2026-08-24 19:21:33 [INFO] binance_client: 45   CRCLBUSDT         14,422,055.96
2026-08-24 19:21:33 [INFO] binance_client: 46   PORTALUSDT        13,867,728.34
2026-08-24 19:21:33 [INFO] binance_client: 47   MORPHOUSDT        13,796,434.11
2026-08-24 19:21:33 [INFO] binance_client: 48   DASHUSDT          12,716,699.09
2026-08-24 19:21:33 [INFO] binance_client: 49   WLFIUSDT          12,174,249.80
2026-08-24 19:21:33 [INFO] binance_client: 50   ZAMAUSDT          11,748,937.65
2026-08-24 19:21:33 [INFO] scanner: Checking BTCUSDT...
2026-08-24 19:21:34 [INFO] scanner: BTCUSDT: -0.34% price, 0.38x volume
2026-08-24 19:21:34 [INFO] scanner: Checking ETHUSDT...
2026-08-24 19:21:34 [INFO] scanner: ETHUSDT: -0.66% price, 0.58x volume
2026-08-24 19:21:35 [INFO] scanner: Checking XRPUSDT...
2026-08-24 19:21:35 [INFO] scanner: XRPUSDT: -0.99% price, 0.81x volume
2026-08-24 19:21:35 [INFO] scanner: Checking SOLUSDT...
2026-08-24 19:21:36 [INFO] scanner: SOLUSDT: -0.73% price, 0.65x volume
2026-08-24 19:21:36 [INFO] scanner: Checking ZECUSDT...
2026-08-24 19:21:36 [INFO] scanner: ZECUSDT: -2.33% price, 0.88x volume
2026-08-24 19:21:36 [INFO] scanner: Checking BNBUSDT...
2026-08-24 19:21:37 [INFO] scanner: BNBUSDT: -0.52% price, 0.39x volume
2026-08-24 19:21:37 [INFO] scanner: Checking PYTHUSDT...
2026-08-24 19:21:37 [INFO] scanner: PYTHUSDT: -0.87% price, 0.52x volume
2026-08-24 19:21:38 [INFO] scanner: Checking DOGEUSDT...
2026-08-24 19:21:39 [INFO] scanner: DOGEUSDT: -0.64% price, 0.46x volume
2026-08-24 19:21:39 [INFO] scanner: Checking TUTUSDT...
2026-08-24 19:21:40 [INFO] scanner: TUTUSDT: 0.00% price, 0.25x volume
2026-08-24 19:21:40 [INFO] scanner: Checking SUIUSDT...
2026-08-24 19:21:41 [INFO] scanner: SUIUSDT: -1.63% price, 1.58x volume
2026-08-24 19:21:41 [INFO] scanner: Checking TRUMPUSDT...
2026-08-24 19:21:42 [INFO] scanner: TRUMPUSDT: -1.54% price, 0.52x volume
2026-08-24 19:21:42 [INFO] scanner: Checking ENAUSDT...
2026-08-24 19:21:42 [INFO] scanner: ENAUSDT: -0.85% price, 0.35x volume
2026-08-24 19:21:42 [INFO] scanner: Checking NEARUSDT...
2026-08-24 19:21:43 [INFO] scanner: NEARUSDT: -1.12% price, 0.64x volume
2026-08-24 19:21:43 [INFO] scanner: Checking PEPEUSDT...
2026-08-24 19:21:44 [INFO] scanner: PEPEUSDT: -0.75% price, 0.42x volume
2026-08-24 19:21:44 [INFO] scanner: Checking PUMPUSDT...
2026-08-24 19:21:44 [INFO] scanner: PUMPUSDT: -2.45% price, 0.71x volume
2026-08-24 19:21:45 [INFO] scanner: Checking AAVEUSDT...
2026-08-24 19:21:45 [INFO] scanner: AAVEUSDT: -0.63% price, 0.42x volume
2026-08-24 19:21:45 [INFO] scanner: Checking LINKUSDT...
2026-08-24 19:21:46 [INFO] scanner: LINKUSDT: -0.21% price, 0.43x volume
2026-08-24 19:21:46 [INFO] scanner: Checking ADAUSDT...
2026-08-24 19:21:46 [INFO] scanner: ADAUSDT: -0.55% price, 0.44x volume
2026-08-24 19:21:46 [INFO] scanner: Checking UNIUSDT...
2026-08-24 19:21:47 [INFO] scanner: UNIUSDT: -1.28% price, 0.50x volume
2026-08-24 19:21:47 [INFO] scanner: Checking SNDKBUSDT...
2026-08-24 19:21:47 [INFO] scanner: SNDKBUSDT: -0.20% price, 0.17x volume
2026-08-24 19:21:48 [INFO] scanner: Checking REUSDT...
2026-08-24 19:21:48 [INFO] scanner: REUSDT: 0.44% price, 1.36x volume
2026-08-24 19:21:48 [INFO] scanner: Checking TAOUSDT...
2026-08-24 19:21:49 [INFO] scanner: TAOUSDT: -2.02% price, 0.61x volume
2026-08-24 19:21:49 [INFO] scanner: Checking LTCUSDT...
2026-08-24 19:21:49 [INFO] scanner: LTCUSDT: -0.75% price, 0.40x volume
2026-08-24 19:21:49 [INFO] scanner: Checking PENGUUSDT...
2026-08-24 19:21:50 [INFO] scanner: PENGUUSDT: -1.68% price, 0.59x volume
2026-08-24 19:21:50 [INFO] scanner: Checking XAUTUSDT...
2026-08-24 19:21:50 [INFO] scanner: XAUTUSDT: 0.28% price, 0.35x volume
2026-08-24 19:21:51 [INFO] scanner: Checking XLMUSDT...
2026-08-24 19:21:51 [INFO] scanner: XLMUSDT: -1.13% price, 0.54x volume
2026-08-24 19:21:51 [INFO] scanner: Checking TRXUSDT...
2026-08-24 19:21:52 [INFO] scanner: TRXUSDT: 0.03% price, 0.42x volume
2026-08-24 19:21:52 [INFO] scanner: Checking UUSDT...
2026-08-24 19:21:52 [INFO] scanner: UUSDT: 0.00% price, 0.26x volume
2026-08-24 19:21:52 [INFO] scanner: Checking WLDUSDT...
2026-08-24 19:21:53 [INFO] scanner: WLDUSDT: -1.75% price, 0.73x volume
2026-08-24 19:21:53 [INFO] scanner: Checking PAXGUSDT...
2026-08-24 19:21:53 [INFO] scanner: PAXGUSDT: 0.28% price, 0.71x volume
2026-08-24 19:21:54 [INFO] scanner: Checking AVAXUSDT...
2026-08-24 19:21:54 [INFO] scanner: AVAXUSDT: -0.63% price, 0.80x volume
2026-08-24 19:21:54 [INFO] scanner: Checking ONDOUSDT...
2026-08-24 19:21:55 [INFO] scanner: ONDOUSDT: -0.18% price, 0.63x volume
2026-08-24 19:21:55 [INFO] scanner: Checking MSTRBUSDT...
2026-08-24 19:21:55 [INFO] scanner: MSTRBUSDT: -0.79% price, 0.04x volume
2026-08-24 19:21:55 [INFO] scanner: Checking VIRTUALUSDT...
2026-08-24 19:21:56 [INFO] scanner: VIRTUALUSDT: -1.30% price, 0.17x volume
2026-08-24 19:21:56 [INFO] scanner: Checking BCHUSDT...
2026-08-24 19:21:56 [INFO] scanner: BCHUSDT: -0.56% price, 0.47x volume
2026-08-24 19:21:57 [INFO] scanner: Checking XPLUSDT...
2026-08-24 19:21:57 [INFO] scanner: XPLUSDT: -1.31% price, 0.41x volume
2026-08-24 19:21:57 [INFO] scanner: Checking SPCXBUSDT...
2026-08-24 19:21:58 [INFO] scanner: SPCXBUSDT: -0.46% price, 0.23x volume
2026-08-24 19:21:58 [INFO] scanner: Checking INJUSDT...
2026-08-24 19:21:58 [INFO] scanner: INJUSDT: -2.74% price, 0.62x volume
2026-08-24 19:21:58 [INFO] scanner: Checking ASTERUSDT...
2026-08-24 19:21:59 [INFO] scanner: ASTERUSDT: -0.58% price, 0.31x volume
2026-08-24 19:21:59 [INFO] scanner: Checking PROMUSDT...
2026-08-24 19:21:59 [INFO] scanner: PROMUSDT: -0.54% price, 0.36x volume
2026-08-24 19:22:00 [INFO] scanner: Checking SPKUSDT...
2026-08-24 19:22:00 [INFO] scanner: SPKUSDT: -1.54% price, 0.82x volume
2026-08-24 19:22:00 [INFO] scanner: Checking FETUSDT...
2026-08-24 19:22:01 [INFO] scanner: FETUSDT: -1.27% price, 0.30x volume
2026-08-24 19:22:01 [INFO] scanner: Checking HBARUSDT...
2026-08-24 19:22:01 [INFO] scanner: HBARUSDT: -0.24% price, 0.88x volume
2026-08-24 19:22:01 [INFO] scanner: Checking POLUSDT...
2026-08-24 19:22:02 [INFO] scanner: POLUSDT: -1.27% price, 0.63x volume
2026-08-24 19:22:02 [INFO] scanner: Checking CRCLBUSDT...
2026-08-24 19:22:02 [INFO] scanner: CRCLBUSDT: -1.29% price, 0.78x volume
2026-08-24 19:22:03 [INFO] scanner: Checking PORTALUSDT...
2026-08-24 19:22:03 [INFO] scanner: PORTALUSDT: -0.61% price, 0.45x volume
2026-08-24 19:22:03 [INFO] scanner: Checking MORPHOUSDT...
2026-08-24 19:22:04 [INFO] scanner: MORPHOUSDT: -1.61% price, 0.41x volume
2026-08-24 19:22:04 [INFO] scanner: Checking DASHUSDT...
2026-08-24 19:22:04 [INFO] scanner: DASHUSDT: -2.00% price, 0.46x volume
2026-08-24 19:22:04 [INFO] scanner: Checking WLFIUSDT...
2026-08-24 19:22:05 [INFO] scanner: WLFIUSDT: -0.52% price, 1.01x volume
2026-08-24 19:22:05 [INFO] scanner: Checking ZAMAUSDT...
2026-08-24 19:22:06 [INFO] scanner: ZAMAUSDT: 0.82% price, 0.77x volume
2026-08-24 19:23:49 [INFO] telegram_bot: Bot stopped
2026-08-24 19:24:05 [INFO] telegram_bot: Send /start to the bot to detect your chat ID
2026-08-24 19:24:10 [INFO] telegram_bot: Detected chat_id: 471974990
2026-08-24 19:24:10 [INFO] telegram_bot: Starting market scan...
2026-08-24 19:24:11 [INFO] binance_client: Found 474 trading symbols with USDT quote asset (excluding stablecoins)
2026-08-24 19:24:12 [INFO] binance_client: Filtered to 474 symbols from ticker data
2026-08-24 19:24:12 [INFO] binance_client: Top 50 symbols by 24hr quote volume
2026-08-24 19:24:12 [INFO] binance_client: #    Symbol       Quote Volume        
2026-08-24 19:24:12 [INFO] binance_client: ------------------------------------
2026-08-24 19:24:12 [INFO] binance_client: 1    BTCUSDT        2,370,051,167.95
2026-08-24 19:24:12 [INFO] binance_client: 2    ETHUSDT        1,254,415,143.03
2026-08-24 19:24:12 [INFO] binance_client: 3    XRPUSDT          409,605,394.88
2026-08-24 19:24:12 [INFO] binance_client: 4    SOLUSDT          408,197,211.78
2026-08-24 19:24:12 [INFO] binance_client: 5    ZECUSDT          247,505,802.55
2026-08-24 19:24:12 [INFO] binance_client: 6    BNBUSDT          133,155,921.87
2026-08-24 19:24:12 [INFO] binance_client: 7    PYTHUSDT         129,019,439.04
2026-08-24 19:24:12 [INFO] binance_client: 8    DOGEUSDT         107,735,235.11
2026-08-24 19:24:12 [INFO] binance_client: 9    TUTUSDT           96,123,116.34
2026-08-24 19:24:12 [INFO] binance_client: 10   SUIUSDT           86,601,396.75
2026-08-24 19:24:12 [INFO] binance_client: 11   TRUMPUSDT         71,175,618.47
2026-08-24 19:24:12 [INFO] binance_client: 12   NEARUSDT          70,061,530.52
2026-08-24 19:24:12 [INFO] binance_client: 13   ENAUSDT           70,015,802.10
2026-08-24 19:24:12 [INFO] binance_client: 14   PEPEUSDT          65,237,672.60
2026-08-24 19:24:12 [INFO] binance_client: 15   PUMPUSDT          58,956,896.17
2026-08-24 19:24:12 [INFO] binance_client: 16   AAVEUSDT          55,112,979.33
2026-08-24 19:24:12 [INFO] binance_client: 17   LINKUSDT          44,021,165.07
2026-08-24 19:24:12 [INFO] binance_client: 18   ADAUSDT           41,805,190.85
2026-08-24 19:24:12 [INFO] binance_client: 19   UNIUSDT           40,571,704.12
2026-08-24 19:24:12 [INFO] binance_client: 20   SNDKBUSDT         40,493,746.10
2026-08-24 19:24:12 [INFO] binance_client: 21   REUSDT            37,917,559.13
2026-08-24 19:24:12 [INFO] binance_client: 22   TAOUSDT           36,411,509.48
2026-08-24 19:24:12 [INFO] binance_client: 23   LTCUSDT           33,649,938.00
2026-08-24 19:24:12 [INFO] binance_client: 24   PENGUUSDT         32,839,300.38
2026-08-24 19:24:12 [INFO] binance_client: 25   XAUTUSDT          31,480,936.96
2026-08-24 19:24:12 [INFO] binance_client: 26   XLMUSDT           30,587,916.92
2026-08-24 19:24:12 [INFO] binance_client: 27   TRXUSDT           30,564,116.32
2026-08-24 19:24:12 [INFO] binance_client: 28   UUSDT             29,592,297.46
2026-08-24 19:24:12 [INFO] binance_client: 29   WLDUSDT           28,671,460.50
2026-08-24 19:24:12 [INFO] binance_client: 30   PAXGUSDT          22,198,307.20
2026-08-24 19:24:12 [INFO] binance_client: 31   AVAXUSDT          21,884,005.10
2026-08-24 19:24:12 [INFO] binance_client: 32   ONDOUSDT          21,430,032.59
2026-08-24 19:24:12 [INFO] binance_client: 33   MSTRBUSDT         20,974,627.03
2026-08-24 19:24:12 [INFO] binance_client: 34   VIRTUALUSDT       20,862,312.88
2026-08-24 19:24:12 [INFO] binance_client: 35   BCHUSDT           20,364,230.69
2026-08-24 19:24:12 [INFO] binance_client: 36   XPLUSDT           20,164,572.50
2026-08-24 19:24:12 [INFO] binance_client: 37   SPCXBUSDT         19,679,464.82
2026-08-24 19:24:12 [INFO] binance_client: 38   INJUSDT           19,142,919.19
2026-08-24 19:24:12 [INFO] binance_client: 39   ASTERUSDT         18,807,932.90
2026-08-24 19:24:12 [INFO] binance_client: 40   PROMUSDT          18,750,048.61
2026-08-24 19:24:12 [INFO] binance_client: 41   SPKUSDT           18,103,212.12
2026-08-24 19:24:12 [INFO] binance_client: 42   FETUSDT           18,079,571.70
2026-08-24 19:24:12 [INFO] binance_client: 43   HBARUSDT          15,393,581.06
2026-08-24 19:24:12 [INFO] binance_client: 44   POLUSDT           15,049,927.98
2026-08-24 19:24:12 [INFO] binance_client: 45   CRCLBUSDT         14,453,453.38
2026-08-24 19:24:12 [INFO] binance_client: 46   PORTALUSDT        13,868,486.93
2026-08-24 19:24:12 [INFO] binance_client: 47   MORPHOUSDT        13,756,955.17
2026-08-24 19:24:12 [INFO] binance_client: 48   DASHUSDT          12,692,082.80
2026-08-24 19:24:12 [INFO] binance_client: 49   WLFIUSDT          12,182,998.67
2026-08-24 19:24:12 [INFO] binance_client: 50   ZAMAUSDT          11,757,797.07
2026-08-24 19:24:12 [INFO] scanner: Checking BTCUSDT...
2026-08-24 19:24:13 [INFO] scanner: BTCUSDT: -0.34% price, 0.38x volume
2026-08-24 19:24:13 [INFO] scanner: Checking ETHUSDT...
2026-08-24 19:24:13 [INFO] scanner: ETHUSDT: -0.66% price, 0.58x volume
2026-08-24 19:24:13 [INFO] scanner: Checking XRPUSDT...
2026-08-24 19:24:14 [INFO] scanner: XRPUSDT: -0.99% price, 0.81x volume
2026-08-24 19:24:14 [INFO] scanner: Checking SOLUSDT...
2026-08-24 19:24:14 [INFO] scanner: SOLUSDT: -0.73% price, 0.65x volume
2026-08-24 19:24:14 [INFO] scanner: Checking ZECUSDT...
2026-08-24 19:24:15 [INFO] scanner: ZECUSDT: -2.33% price, 0.88x volume
2026-08-24 19:24:15 [INFO] scanner: Checking BNBUSDT...
2026-08-24 19:24:16 [INFO] scanner: BNBUSDT: -0.52% price, 0.39x volume
2026-08-24 19:24:16 [INFO] scanner: Checking PYTHUSDT...
2026-08-24 19:24:17 [INFO] scanner: PYTHUSDT: -0.87% price, 0.52x volume
2026-08-24 19:24:17 [INFO] scanner: Checking DOGEUSDT...
2026-08-24 19:24:17 [INFO] scanner: DOGEUSDT: -0.64% price, 0.46x volume
2026-08-24 19:24:17 [INFO] scanner: Checking TUTUSDT...
2026-08-24 19:24:18 [INFO] scanner: TUTUSDT: 0.00% price, 0.25x volume
2026-08-24 19:24:18 [INFO] scanner: Checking SUIUSDT...
2026-08-24 19:24:18 [INFO] scanner: SUIUSDT: -1.63% price, 1.58x volume
2026-08-24 19:24:19 [INFO] scanner: Checking TRUMPUSDT...
2026-08-24 19:24:19 [INFO] scanner: TRUMPUSDT: -1.54% price, 0.52x volume
2026-08-24 19:24:19 [INFO] scanner: Checking NEARUSDT...
2026-08-24 19:24:20 [INFO] scanner: NEARUSDT: -1.12% price, 0.64x volume
2026-08-24 19:24:20 [INFO] scanner: Checking ENAUSDT...
2026-08-24 19:24:20 [INFO] scanner: ENAUSDT: -0.85% price, 0.35x volume
2026-08-24 19:24:20 [INFO] scanner: Checking PEPEUSDT...
2026-08-24 19:24:21 [INFO] scanner: PEPEUSDT: -0.75% price, 0.42x volume
2026-08-24 19:24:21 [INFO] scanner: Checking PUMPUSDT...
2026-08-24 19:24:21 [INFO] scanner: PUMPUSDT: -2.45% price, 0.71x volume
2026-08-24 19:24:22 [INFO] scanner: Checking AAVEUSDT...
2026-08-24 19:24:22 [INFO] scanner: AAVEUSDT: -0.63% price, 0.42x volume
2026-08-24 19:24:22 [INFO] scanner: Checking LINKUSDT...
2026-08-24 19:24:23 [INFO] scanner: LINKUSDT: -0.21% price, 0.43x volume
2026-08-24 19:24:23 [INFO] scanner: Checking ADAUSDT...
2026-08-24 19:24:23 [INFO] scanner: ADAUSDT: -0.55% price, 0.44x volume
2026-08-24 19:24:23 [INFO] scanner: Checking UNIUSDT...
2026-08-24 19:24:24 [INFO] scanner: UNIUSDT: -1.28% price, 0.50x volume
2026-08-24 19:24:24 [INFO] scanner: Checking SNDKBUSDT...
2026-08-24 19:24:24 [INFO] scanner: SNDKBUSDT: -0.20% price, 0.17x volume
2026-08-24 19:24:25 [INFO] scanner: Checking REUSDT...
2026-08-24 19:24:25 [INFO] scanner: REUSDT: 0.44% price, 1.36x volume
2026-08-24 19:24:25 [INFO] scanner: Checking TAOUSDT...
2026-08-24 19:24:26 [INFO] scanner: TAOUSDT: -2.02% price, 0.61x volume
2026-08-24 19:24:26 [INFO] scanner: Checking LTCUSDT...
2026-08-24 19:24:26 [INFO] scanner: LTCUSDT: -0.75% price, 0.40x volume
2026-08-24 19:24:26 [INFO] scanner: Checking PENGUUSDT...
2026-08-24 19:24:27 [INFO] scanner: PENGUUSDT: -1.68% price, 0.59x volume
2026-08-24 19:24:27 [INFO] scanner: Checking XAUTUSDT...
2026-08-24 19:24:27 [INFO] scanner: XAUTUSDT: 0.28% price, 0.35x volume
2026-08-24 19:24:28 [INFO] scanner: Checking XLMUSDT...
2026-08-24 19:24:28 [INFO] scanner: XLMUSDT: -1.13% price, 0.54x volume
2026-08-24 19:24:28 [INFO] scanner: Checking TRXUSDT...
2026-08-24 19:24:29 [INFO] scanner: TRXUSDT: 0.03% price, 0.42x volume
2026-08-24 19:24:29 [INFO] scanner: Checking UUSDT...
2026-08-24 19:24:30 [INFO] scanner: UUSDT: 0.00% price, 0.26x volume
2026-08-24 19:24:30 [INFO] scanner: Checking WLDUSDT...
2026-08-24 19:24:30 [INFO] scanner: WLDUSDT: -1.75% price, 0.73x volume
2026-08-24 19:24:30 [INFO] scanner: Checking PAXGUSDT...
2026-08-24 19:24:31 [INFO] scanner: PAXGUSDT: 0.28% price, 0.71x volume
2026-08-24 19:24:31 [INFO] scanner: Checking AVAXUSDT...
2026-08-24 19:24:32 [INFO] scanner: AVAXUSDT: -0.63% price, 0.80x volume
2026-08-24 19:24:32 [INFO] scanner: Checking ONDOUSDT...
2026-08-24 19:24:32 [INFO] scanner: ONDOUSDT: -0.18% price, 0.63x volume
2026-08-24 19:24:32 [INFO] scanner: Checking MSTRBUSDT...
2026-08-24 19:24:33 [INFO] scanner: MSTRBUSDT: -0.79% price, 0.04x volume
2026-08-24 19:24:33 [INFO] scanner: Checking VIRTUALUSDT...
2026-08-24 19:24:33 [INFO] scanner: VIRTUALUSDT: -1.30% price, 0.17x volume
2026-08-24 19:24:34 [INFO] scanner: Checking BCHUSDT...
2026-08-24 19:24:34 [INFO] scanner: BCHUSDT: -0.56% price, 0.47x volume
2026-08-24 19:24:34 [INFO] scanner: Checking XPLUSDT...
2026-08-24 19:24:35 [INFO] scanner: XPLUSDT: -1.31% price, 0.41x volume
2026-08-24 19:24:35 [INFO] scanner: Checking SPCXBUSDT...
2026-08-24 19:24:35 [INFO] scanner: SPCXBUSDT: -0.46% price, 0.23x volume
2026-08-24 19:24:35 [INFO] scanner: Checking INJUSDT...
2026-08-24 19:24:36 [INFO] scanner: INJUSDT: -2.74% price, 0.62x volume
2026-08-24 19:24:36 [INFO] scanner: Checking ASTERUSDT...
2026-08-24 19:24:36 [INFO] scanner: ASTERUSDT: -0.58% price, 0.31x volume
2026-08-24 19:24:37 [INFO] scanner: Checking PROMUSDT...
2026-08-24 19:24:37 [INFO] scanner: PROMUSDT: -0.54% price, 0.36x volume
2026-08-24 19:24:37 [INFO] scanner: Checking SPKUSDT...
2026-08-24 19:24:38 [INFO] scanner: SPKUSDT: -1.54% price, 0.82x volume
2026-08-24 19:24:38 [INFO] scanner: Checking FETUSDT...
2026-08-24 19:24:38 [INFO] scanner: FETUSDT: -1.27% price, 0.30x volume
2026-08-24 19:24:38 [INFO] scanner: Checking HBARUSDT...
2026-08-24 19:24:39 [INFO] scanner: HBARUSDT: -0.24% price, 0.88x volume
2026-08-24 19:24:39 [INFO] scanner: Checking POLUSDT...
2026-08-24 19:24:39 [INFO] scanner: POLUSDT: -1.27% price, 0.63x volume
2026-08-24 19:24:40 [INFO] scanner: Checking CRCLBUSDT...
2026-08-24 19:24:40 [INFO] scanner: CRCLBUSDT: -1.29% price, 0.78x volume
2026-08-24 19:24:40 [INFO] scanner: Checking PORTALUSDT...
2026-08-24 19:24:41 [INFO] scanner: PORTALUSDT: -0.61% price, 0.45x volume
2026-08-24 19:24:41 [INFO] scanner: Checking MORPHOUSDT...
2026-08-24 19:24:42 [INFO] scanner: MORPHOUSDT: -1.61% price, 0.41x volume
2026-08-24 19:24:42 [INFO] scanner: Checking DASHUSDT...
2026-08-24 19:24:43 [INFO] scanner: DASHUSDT: -2.00% price, 0.46x volume
2026-08-24 19:24:43 [INFO] scanner: Checking WLFIUSDT...
2026-08-24 19:24:43 [INFO] scanner: WLFIUSDT: -0.52% price, 1.01x volume
2026-08-24 19:24:43 [INFO] scanner: Checking ZAMAUSDT...
2026-08-24 19:24:44 [INFO] scanner: ZAMAUSDT: 0.82% price, 0.77x volume
2026-08-24 19:29:44 [INFO] telegram_bot: Starting market scan...
2026-08-24 19:29:45 [INFO] binance_client: Found 474 trading symbols with USDT quote asset (excluding stablecoins)
2026-08-24 19:29:46 [INFO] binance_client: Filtered to 474 symbols from ticker data
2026-08-24 19:29:46 [INFO] binance_client: Top 50 symbols by 24hr quote volume
2026-08-24 19:29:46 [INFO] binance_client: #    Symbol       Quote Volume        
2026-08-24 19:29:46 [INFO] binance_client: ------------------------------------
2026-08-24 19:29:46 [INFO] binance_client: 1    BTCUSDT        2,374,951,062.66
2026-08-24 19:29:46 [INFO] binance_client: 2    ETHUSDT        1,255,866,237.44
2026-08-24 19:29:46 [INFO] binance_client: 3    XRPUSDT          410,988,644.16
2026-08-24 19:29:46 [INFO] binance_client: 4    SOLUSDT          408,882,370.57
2026-08-24 19:29:46 [INFO] binance_client: 5    ZECUSDT          248,368,476.44
2026-08-24 19:29:46 [INFO] binance_client: 6    BNBUSDT          133,329,155.09
2026-08-24 19:29:46 [INFO] binance_client: 7    PYTHUSDT         129,014,743.72
2026-08-24 19:29:46 [INFO] binance_client: 8    DOGEUSDT         107,786,593.28
2026-08-24 19:29:46 [INFO] binance_client: 9    TUTUSDT           96,336,838.18
2026-08-24 19:29:46 [INFO] binance_client: 10   SUIUSDT           86,755,290.25
2026-08-24 19:29:46 [INFO] binance_client: 11   TRUMPUSDT         71,173,249.90
2026-08-24 19:29:46 [INFO] binance_client: 12   NEARUSDT          70,071,411.15
2026-08-24 19:29:46 [INFO] binance_client: 13   ENAUSDT           69,954,475.77
2026-08-24 19:29:46 [INFO] binance_client: 14   PEPEUSDT          65,325,803.95
2026-08-24 19:29:46 [INFO] binance_client: 15   PUMPUSDT          59,112,103.66
2026-08-24 19:29:46 [INFO] binance_client: 16   AAVEUSDT          55,057,870.96
2026-08-24 19:29:46 [INFO] binance_client: 17   LINKUSDT          44,004,872.11
2026-08-24 19:29:46 [INFO] binance_client: 18   ADAUSDT           41,770,995.17
2026-08-24 19:29:46 [INFO] binance_client: 19   UNIUSDT           40,624,499.70
2026-08-24 19:29:46 [INFO] binance_client: 20   SNDKBUSDT         40,489,303.80
2026-08-24 19:29:46 [INFO] binance_client: 21   REUSDT            38,027,877.98
2026-08-24 19:29:46 [INFO] binance_client: 22   TAOUSDT           36,480,737.22
2026-08-24 19:29:46 [INFO] binance_client: 23   LTCUSDT           33,655,163.16
2026-08-24 19:29:46 [INFO] binance_client: 24   PENGUUSDT         32,437,965.61
2026-08-24 19:29:46 [INFO] binance_client: 25   XAUTUSDT          31,491,382.13
2026-08-24 19:29:46 [INFO] binance_client: 26   TRXUSDT           30,559,785.44
2026-08-24 19:29:46 [INFO] binance_client: 27   XLMUSDT           30,432,889.37
2026-08-24 19:29:46 [INFO] binance_client: 28   UUSDT             29,636,480.69
2026-08-24 19:29:46 [INFO] binance_client: 29   WLDUSDT           28,770,362.72
2026-08-24 19:29:46 [INFO] binance_client: 30   PAXGUSDT          22,104,683.34
2026-08-24 19:29:46 [INFO] binance_client: 31   AVAXUSDT          21,969,720.05
2026-08-24 19:29:46 [INFO] binance_client: 32   ONDOUSDT          21,434,737.59
2026-08-24 19:29:46 [INFO] binance_client: 33   MSTRBUSDT         20,979,583.12
2026-08-24 19:29:46 [INFO] binance_client: 34   VIRTUALUSDT       20,867,425.41
2026-08-24 19:29:46 [INFO] binance_client: 35   BCHUSDT           20,386,641.89
2026-08-24 19:29:46 [INFO] binance_client: 36   XPLUSDT           20,159,370.04
2026-08-24 19:29:46 [INFO] binance_client: 37   SPCXBUSDT         19,675,817.60
2026-08-24 19:29:46 [INFO] binance_client: 38   INJUSDT           19,197,004.27
2026-08-24 19:29:46 [INFO] binance_client: 39   ASTERUSDT         18,807,080.65
2026-08-24 19:29:46 [INFO] binance_client: 40   PROMUSDT          18,796,350.93
2026-08-24 19:29:46 [INFO] binance_client: 41   FETUSDT           18,116,685.53
2026-08-24 19:29:46 [INFO] binance_client: 42   SPKUSDT           18,003,793.26
2026-08-24 19:29:46 [INFO] binance_client: 43   HBARUSDT          15,459,764.23
2026-08-24 19:29:46 [INFO] binance_client: 44   POLUSDT           15,066,825.55
2026-08-24 19:29:46 [INFO] binance_client: 45   CRCLBUSDT         14,557,794.41
2026-08-24 19:29:46 [INFO] binance_client: 46   PORTALUSDT        13,852,135.17
2026-08-24 19:29:46 [INFO] binance_client: 47   MORPHOUSDT        13,740,008.56
2026-08-24 19:29:46 [INFO] binance_client: 48   DASHUSDT          12,687,017.74
2026-08-24 19:29:46 [INFO] binance_client: 49   WLFIUSDT          12,166,095.36
2026-08-24 19:29:46 [INFO] binance_client: 50   ZAMAUSDT          11,697,425.55
2026-08-24 19:29:46 [INFO] scanner: Checking BTCUSDT...
2026-08-24 19:29:47 [INFO] scanner: BTCUSDT: -0.28% price, 0.40x volume
2026-08-24 19:29:47 [INFO] scanner: Checking ETHUSDT...
2026-08-24 19:29:48 [INFO] scanner: ETHUSDT: -0.44% price, 0.57x volume
2026-08-24 19:29:48 [INFO] scanner: Checking XRPUSDT...
2026-08-24 19:29:49 [INFO] scanner: XRPUSDT: -0.63% price, 0.82x volume
2026-08-24 19:29:49 [INFO] scanner: Checking SOLUSDT...
2026-08-24 19:29:49 [INFO] scanner: SOLUSDT: -0.48% price, 0.63x volume
2026-08-24 19:29:50 [INFO] scanner: Checking ZECUSDT...
2026-08-24 19:29:50 [INFO] scanner: ZECUSDT: -1.79% price, 0.92x volume
2026-08-24 19:29:50 [INFO] scanner: Checking BNBUSDT...
2026-08-24 19:29:51 [INFO] scanner: BNBUSDT: -0.29% price, 0.38x volume
2026-08-24 19:29:51 [INFO] scanner: Checking PYTHUSDT...
2026-08-24 19:29:52 [INFO] scanner: PYTHUSDT: -0.47% price, 0.50x volume
2026-08-24 19:29:52 [INFO] scanner: Checking DOGEUSDT...
2026-08-24 19:29:52 [INFO] scanner: DOGEUSDT: -0.29% price, 0.45x volume
2026-08-24 19:29:52 [INFO] scanner: Checking TUTUSDT...
2026-08-24 19:29:53 [INFO] scanner: TUTUSDT: 0.92% price, 0.28x volume
2026-08-24 19:29:53 [INFO] scanner: Checking SUIUSDT...
2026-08-24 19:29:53 [INFO] scanner: SUIUSDT: -1.43% price, 1.60x volume
2026-08-24 19:29:54 [INFO] scanner: Checking TRUMPUSDT...
2026-08-24 19:29:55 [INFO] scanner: TRUMPUSDT: -1.42% price, 0.53x volume
2026-08-24 19:29:55 [INFO] scanner: Checking NEARUSDT...
2026-08-24 19:29:55 [INFO] scanner: NEARUSDT: -0.87% price, 0.88x volume
2026-08-24 19:29:55 [INFO] scanner: Checking ENAUSDT...
2026-08-24 19:29:56 [INFO] scanner: ENAUSDT: -0.91% price, 0.35x volume
2026-08-24 19:29:56 [INFO] scanner: Checking PEPEUSDT...
2026-08-24 19:29:56 [INFO] scanner: PEPEUSDT: -0.50% price, 0.42x volume
2026-08-24 19:29:57 [INFO] scanner: Checking PUMPUSDT...
2026-08-24 19:29:57 [INFO] scanner: PUMPUSDT: -2.33% price, 0.72x volume
2026-08-24 19:29:57 [INFO] scanner: Checking AAVEUSDT...
2026-08-24 19:29:58 [INFO] scanner: AAVEUSDT: -0.31% price, 0.44x volume
2026-08-24 19:29:58 [INFO] scanner: Checking LINKUSDT...
2026-08-24 19:29:58 [INFO] scanner: LINKUSDT: -0.21% price, 0.41x volume
2026-08-24 19:29:58 [INFO] scanner: Checking ADAUSDT...
2026-08-24 19:29:59 [INFO] scanner: ADAUSDT: -0.50% price, 0.43x volume
2026-08-24 19:29:59 [INFO] scanner: Checking UNIUSDT...
2026-08-24 19:29:59 [INFO] scanner: UNIUSDT: -0.72% price, 0.49x volume
2026-08-24 19:30:00 [INFO] scanner: Checking SNDKBUSDT...
2026-08-24 19:30:00 [INFO] scanner: SNDKBUSDT: -1.10% price, 0.14x volume
2026-08-24 19:30:00 [INFO] scanner: Checking REUSDT...
2026-08-24 19:30:02 [INFO] scanner: REUSDT: 0.76% price, 1.40x volume
2026-08-24 19:30:02 [INFO] scanner: Checking TAOUSDT...
2026-08-24 19:30:03 [INFO] scanner: TAOUSDT: -1.36% price, 0.68x volume
2026-08-24 19:30:03 [INFO] scanner: Checking LTCUSDT...
2026-08-24 19:30:04 [INFO] scanner: LTCUSDT: -0.36% price, 0.38x volume
2026-08-24 19:30:04 [INFO] scanner: Checking PENGUUSDT...
2026-08-24 19:30:05 [INFO] scanner: PENGUUSDT: -0.56% price, 0.62x volume
2026-08-24 19:30:05 [INFO] scanner: Checking XAUTUSDT...
2026-08-24 19:30:05 [INFO] scanner: XAUTUSDT: 0.02% price, 0.26x volume
2026-08-24 19:30:05 [INFO] scanner: Checking TRXUSDT...
2026-08-24 19:30:06 [INFO] scanner: TRXUSDT: 0.06% price, 0.44x volume
2026-08-24 19:30:06 [INFO] scanner: Checking XLMUSDT...
2026-08-24 19:30:07 [INFO] scanner: XLMUSDT: -0.67% price, 0.56x volume
2026-08-24 19:30:07 [INFO] scanner: Checking UUSDT...
2026-08-24 19:30:07 [INFO] scanner: UUSDT: -0.01% price, 0.27x volume
2026-08-24 19:30:07 [INFO] scanner: Checking WLDUSDT...
2026-08-24 19:30:08 [INFO] scanner: WLDUSDT: -1.09% price, 0.68x volume
2026-08-24 19:30:08 [INFO] scanner: Checking PAXGUSDT...
2026-08-24 19:30:08 [INFO] scanner: PAXGUSDT: 0.03% price, 0.66x volume
2026-08-24 19:30:09 [INFO] scanner: Checking AVAXUSDT...
2026-08-24 19:30:09 [INFO] scanner: AVAXUSDT: -0.45% price, 0.87x volume
2026-08-24 19:30:09 [INFO] scanner: Checking ONDOUSDT...
2026-08-24 19:30:10 [INFO] scanner: ONDOUSDT: -0.16% price, 0.62x volume
2026-08-24 19:30:10 [INFO] scanner: Checking MSTRBUSDT...
2026-08-24 19:30:10 [INFO] scanner: MSTRBUSDT: -0.34% price, 0.04x volume
2026-08-24 19:30:10 [INFO] scanner: Checking VIRTUALUSDT...
2026-08-24 19:30:11 [INFO] scanner: VIRTUALUSDT: -0.20% price, 0.18x volume
2026-08-24 19:30:11 [INFO] scanner: Checking BCHUSDT...
2026-08-24 19:30:11 [INFO] scanner: BCHUSDT: 0.00% price, 0.45x volume
2026-08-24 19:30:12 [INFO] scanner: Checking XPLUSDT...
2026-08-24 19:30:12 [INFO] scanner: XPLUSDT: -0.37% price, 0.35x volume
2026-08-24 19:30:12 [INFO] scanner: Checking SPCXBUSDT...
2026-08-24 19:30:13 [INFO] scanner: SPCXBUSDT: -0.71% price, 0.15x volume
2026-08-24 19:30:13 [INFO] scanner: Checking INJUSDT...
2026-08-24 19:30:13 [INFO] scanner: INJUSDT: -2.09% price, 0.56x volume
2026-08-24 19:30:13 [INFO] scanner: Checking ASTERUSDT...
2026-08-24 19:30:14 [INFO] scanner: ASTERUSDT: 0.15% price, 0.31x volume
2026-08-24 19:30:14 [INFO] scanner: Checking PROMUSDT...
2026-08-24 19:30:14 [INFO] scanner: PROMUSDT: 1.53% price, 0.41x volume
2026-08-24 19:30:15 [INFO] scanner: Checking FETUSDT...
2026-08-24 19:30:15 [INFO] scanner: FETUSDT: 0.29% price, 0.31x volume
2026-08-24 19:30:15 [INFO] scanner: Checking SPKUSDT...
2026-08-24 19:30:16 [INFO] scanner: SPKUSDT: 0.29% price, 0.77x volume
2026-08-24 19:30:16 [INFO] scanner: Checking HBARUSDT...
2026-08-24 19:30:16 [INFO] scanner: HBARUSDT: 0.19% price, 0.87x volume
2026-08-24 19:30:16 [INFO] scanner: Checking POLUSDT...
2026-08-24 19:30:17 [INFO] scanner: POLUSDT: -0.68% price, 0.61x volume
2026-08-24 19:30:17 [INFO] scanner: Checking CRCLBUSDT...
2026-08-24 19:30:17 [INFO] scanner: CRCLBUSDT: -0.67% price, 0.89x volume
2026-08-24 19:30:18 [INFO] scanner: Checking PORTALUSDT...
2026-08-24 19:30:18 [INFO] scanner: PORTALUSDT: 1.34% price, 0.44x volume
2026-08-24 19:30:18 [INFO] scanner: Checking MORPHOUSDT...
2026-08-24 19:30:19 [INFO] scanner: MORPHOUSDT: -0.57% price, 0.45x volume
2026-08-24 19:30:19 [INFO] scanner: Checking DASHUSDT...
2026-08-24 19:30:19 [INFO] scanner: DASHUSDT: -1.41% price, 0.44x volume
2026-08-24 19:30:19 [INFO] scanner: Checking WLFIUSDT...
2026-08-24 19:30:20 [INFO] scanner: WLFIUSDT: -0.35% price, 0.58x volume
2026-08-24 19:30:20 [INFO] scanner: Checking ZAMAUSDT...
2026-08-24 19:30:21 [INFO] scanner: ZAMAUSDT: 2.01% price, 0.42x volume
2026-08-24 19:33:00 [INFO] telegram_bot: Bot stopped
2026-08-24 19:33:17 [INFO] telegram_bot: Send /start to the bot to detect your chat ID
2026-08-24 19:33:21 [INFO] telegram_bot: Detected chat_id: 471974990
2026-08-24 19:33:21 [INFO] telegram_bot: Starting market scan...
2026-08-24 19:33:23 [INFO] binance_client: Found 474 trading symbols with USDT quote asset (excluding stablecoins)
2026-08-24 19:33:23 [INFO] binance_client: Filtered to 474 symbols from ticker data
2026-08-24 19:33:23 [INFO] binance_client: Top 50 symbols by 24hr quote volume
2026-08-24 19:33:23 [INFO] binance_client: #    Symbol       Quote Volume        
2026-08-24 19:33:23 [INFO] binance_client: ------------------------------------
2026-08-24 19:33:23 [INFO] binance_client: 1    BTCUSDT        2,377,087,743.61
2026-08-24 19:33:23 [INFO] binance_client: 2    ETHUSDT        1,256,118,121.93
2026-08-24 19:33:23 [INFO] binance_client: 3    XRPUSDT          410,903,273.78
2026-08-24 19:33:23 [INFO] binance_client: 4    SOLUSDT          409,303,536.48
2026-08-24 19:33:23 [INFO] binance_client: 5    ZECUSDT          248,316,499.87
2026-08-24 19:33:23 [INFO] binance_client: 6    BNBUSDT          133,226,734.15
2026-08-24 19:33:23 [INFO] binance_client: 7    PYTHUSDT         129,006,448.08
2026-08-24 19:33:23 [INFO] binance_client: 8    DOGEUSDT         107,792,924.81
2026-08-24 19:33:23 [INFO] binance_client: 9    TUTUSDT           96,375,734.48
2026-08-24 19:33:23 [INFO] binance_client: 10   SUIUSDT           86,353,798.27
2026-08-24 19:33:23 [INFO] binance_client: 11   TRUMPUSDT         71,168,107.08
2026-08-24 19:33:23 [INFO] binance_client: 12   NEARUSDT          70,115,717.74
2026-08-24 19:33:23 [INFO] binance_client: 13   ENAUSDT           69,905,976.10
2026-08-24 19:33:23 [INFO] binance_client: 14   PEPEUSDT          65,250,415.45
2026-08-24 19:33:23 [INFO] binance_client: 15   PUMPUSDT          59,245,313.28
2026-08-24 19:33:23 [INFO] binance_client: 16   AAVEUSDT          54,965,342.19
2026-08-24 19:33:23 [INFO] binance_client: 17   LINKUSDT          43,941,594.02
2026-08-24 19:33:23 [INFO] binance_client: 18   ADAUSDT           41,721,685.00
2026-08-24 19:33:23 [INFO] binance_client: 19   SNDKBUSDT         40,512,095.79
2026-08-24 19:33:23 [INFO] binance_client: 20   UNIUSDT           40,387,971.53
2026-08-24 19:33:23 [INFO] binance_client: 21   REUSDT            38,070,985.69
2026-08-24 19:33:23 [INFO] binance_client: 22   TAOUSDT           36,486,632.04
2026-08-24 19:33:23 [INFO] binance_client: 23   LTCUSDT           33,709,046.30
2026-08-24 19:33:23 [INFO] binance_client: 24   PENGUUSDT         32,264,646.60
2026-08-24 19:33:23 [INFO] binance_client: 25   XAUTUSDT          31,474,902.00
2026-08-24 19:33:23 [INFO] binance_client: 26   TRXUSDT           30,542,594.16
2026-08-24 19:33:23 [INFO] binance_client: 27   XLMUSDT           30,204,570.85
2026-08-24 19:33:23 [INFO] binance_client: 28   UUSDT             29,622,860.77
2026-08-24 19:33:23 [INFO] binance_client: 29   WLDUSDT           28,823,589.83
2026-08-24 19:33:23 [INFO] binance_client: 30   PAXGUSDT          22,114,900.42
2026-08-24 19:33:23 [INFO] binance_client: 31   AVAXUSDT          21,971,550.89
2026-08-24 19:33:23 [INFO] binance_client: 32   ONDOUSDT          21,388,505.70
2026-08-24 19:33:23 [INFO] binance_client: 33   MSTRBUSDT         20,982,812.42
2026-08-24 19:33:23 [INFO] binance_client: 34   VIRTUALUSDT       20,883,193.08
2026-08-24 19:33:23 [INFO] binance_client: 35   BCHUSDT           20,448,439.45
2026-08-24 19:33:23 [INFO] binance_client: 36   XPLUSDT           20,098,424.52
2026-08-24 19:33:23 [INFO] binance_client: 37   SPCXBUSDT         19,688,691.85
2026-08-24 19:33:23 [INFO] binance_client: 38   INJUSDT           19,200,658.96
2026-08-24 19:33:23 [INFO] binance_client: 39   ASTERUSDT         18,838,982.68
2026-08-24 19:33:23 [INFO] binance_client: 40   PROMUSDT          18,809,494.62
2026-08-24 19:33:23 [INFO] binance_client: 41   FETUSDT           18,137,431.85
2026-08-24 19:33:23 [INFO] binance_client: 42   SPKUSDT           17,981,431.07
2026-08-24 19:33:23 [INFO] binance_client: 43   HBARUSDT          15,480,500.00
2026-08-24 19:33:23 [INFO] binance_client: 44   POLUSDT           15,072,249.71
2026-08-24 19:33:23 [INFO] binance_client: 45   CRCLBUSDT         14,574,299.82
2026-08-24 19:33:23 [INFO] binance_client: 46   PORTALUSDT        13,848,374.98
2026-08-24 19:33:23 [INFO] binance_client: 47   MORPHOUSDT        13,695,358.67
2026-08-24 19:33:23 [INFO] binance_client: 48   DASHUSDT          12,674,361.12
2026-08-24 19:33:23 [INFO] binance_client: 49   WLFIUSDT          12,164,454.61
2026-08-24 19:33:23 [INFO] binance_client: 50   ZAMAUSDT          11,654,396.62
2026-08-24 19:33:23 [INFO] scanner: Checking BTCUSDT...
2026-08-24 19:33:24 [INFO] scanner: BTCUSDT: -0.17% price, 0.39x volume
2026-08-24 19:33:24 [INFO] scanner: Checking ETHUSDT...
2026-08-24 19:33:24 [INFO] scanner: ETHUSDT: -0.37% price, 0.56x volume
2026-08-24 19:33:24 [INFO] scanner: Checking XRPUSDT...
2026-08-24 19:33:25 [INFO] scanner: XRPUSDT: -0.13% price, 0.84x volume
2026-08-24 19:33:25 [INFO] scanner: Checking SOLUSDT...
2026-08-24 19:33:25 [INFO] scanner: SOLUSDT: -0.35% price, 0.60x volume
2026-08-24 19:33:25 [INFO] scanner: Checking ZECUSDT...
2026-08-24 19:33:26 [INFO] scanner: ZECUSDT: -1.84% price, 0.97x volume
2026-08-24 19:33:26 [INFO] scanner: Checking BNBUSDT...
2026-08-24 19:33:27 [INFO] scanner: BNBUSDT: -0.10% price, 0.39x volume
2026-08-24 19:33:27 [INFO] scanner: Checking PYTHUSDT...
2026-08-24 19:33:27 [INFO] scanner: PYTHUSDT: -0.28% price, 0.45x volume
2026-08-24 19:33:27 [INFO] scanner: Checking DOGEUSDT...
2026-08-24 19:33:28 [INFO] scanner: DOGEUSDT: -0.46% price, 0.42x volume
2026-08-24 19:33:28 [INFO] scanner: Checking TUTUSDT...
2026-08-24 19:33:28 [INFO] scanner: TUTUSDT: 1.08% price, 0.32x volume
2026-08-24 19:33:29 [INFO] scanner: Checking SUIUSDT...
2026-08-24 19:33:29 [INFO] scanner: SUIUSDT: -1.22% price, 1.60x volume
2026-08-24 19:33:29 [INFO] scanner: Checking TRUMPUSDT...
2026-08-24 19:33:30 [INFO] scanner: TRUMPUSDT: -1.26% price, 0.52x volume
2026-08-24 19:33:30 [INFO] scanner: Checking NEARUSDT...
2026-08-24 19:33:30 [INFO] scanner: NEARUSDT: -0.96% price, 0.88x volume
2026-08-24 19:33:30 [INFO] scanner: Checking ENAUSDT...
2026-08-24 19:33:31 [INFO] scanner: ENAUSDT: -1.50% price, 0.35x volume
2026-08-24 19:33:31 [INFO] scanner: Checking PEPEUSDT...
2026-08-24 19:33:31 [INFO] scanner: PEPEUSDT: -0.50% price, 0.39x volume
2026-08-24 19:33:32 [INFO] scanner: Checking PUMPUSDT...
2026-08-24 19:33:32 [INFO] scanner: PUMPUSDT: -2.16% price, 0.72x volume
2026-08-24 19:33:32 [INFO] scanner: Checking AAVEUSDT...
2026-08-24 19:33:33 [INFO] scanner: AAVEUSDT: -0.25% price, 0.43x volume
2026-08-24 19:33:33 [INFO] scanner: Checking LINKUSDT...
2026-08-24 19:33:33 [INFO] scanner: LINKUSDT: -0.04% price, 0.38x volume
2026-08-24 19:33:33 [INFO] scanner: Checking ADAUSDT...
2026-08-24 19:33:34 [INFO] scanner: ADAUSDT: -0.41% price, 0.40x volume
2026-08-24 19:33:34 [INFO] scanner: Checking SNDKBUSDT...
2026-08-24 19:33:34 [INFO] scanner: SNDKBUSDT: -1.10% price, 0.14x volume
2026-08-24 19:33:35 [INFO] scanner: Checking UNIUSDT...
2026-08-24 19:33:35 [INFO] scanner: UNIUSDT: -0.58% price, 0.52x volume
2026-08-24 19:33:35 [INFO] scanner: Checking REUSDT...
2026-08-24 19:33:36 [INFO] scanner: REUSDT: 0.76% price, 1.40x volume
2026-08-24 19:33:36 [INFO] scanner: Checking TAOUSDT...
2026-08-24 19:33:36 [INFO] scanner: TAOUSDT: -1.36% price, 0.68x volume
2026-08-24 19:33:36 [INFO] scanner: Checking LTCUSDT...
2026-08-24 19:33:37 [INFO] scanner: LTCUSDT: -0.36% price, 0.38x volume
2026-08-24 19:33:37 [INFO] scanner: Checking PENGUUSDT...
2026-08-24 19:33:37 [INFO] scanner: PENGUUSDT: -0.56% price, 0.62x volume
2026-08-24 19:33:38 [INFO] scanner: Checking XAUTUSDT...
2026-08-24 19:33:38 [INFO] scanner: XAUTUSDT: 0.02% price, 0.26x volume
2026-08-24 19:33:38 [INFO] scanner: Checking TRXUSDT...
2026-08-24 19:33:39 [INFO] scanner: TRXUSDT: 0.06% price, 0.44x volume
2026-08-24 19:33:39 [INFO] scanner: Checking XLMUSDT...
2026-08-24 19:33:39 [INFO] scanner: XLMUSDT: -0.67% price, 0.56x volume
2026-08-24 19:33:39 [INFO] scanner: Checking UUSDT...
2026-08-24 19:33:40 [INFO] scanner: UUSDT: -0.01% price, 0.27x volume
2026-08-24 19:33:40 [INFO] scanner: Checking WLDUSDT...
2026-08-24 19:33:41 [INFO] scanner: WLDUSDT: -1.09% price, 0.68x volume
2026-08-24 19:33:41 [INFO] scanner: Checking PAXGUSDT...
2026-08-24 19:33:41 [INFO] scanner: PAXGUSDT: 0.03% price, 0.66x volume
2026-08-24 19:33:41 [INFO] scanner: Checking AVAXUSDT...
2026-08-24 19:33:42 [INFO] scanner: AVAXUSDT: -0.45% price, 0.87x volume
2026-08-24 19:33:42 [INFO] scanner: Checking ONDOUSDT...
2026-08-24 19:33:42 [INFO] scanner: ONDOUSDT: -0.16% price, 0.62x volume
2026-08-24 19:33:43 [INFO] scanner: Checking MSTRBUSDT...
2026-08-24 19:33:43 [INFO] scanner: MSTRBUSDT: -0.34% price, 0.04x volume
2026-08-24 19:33:43 [INFO] scanner: Checking VIRTUALUSDT...
2026-08-24 19:33:44 [INFO] scanner: VIRTUALUSDT: -0.20% price, 0.18x volume
2026-08-24 19:33:44 [INFO] scanner: Checking BCHUSDT...
2026-08-24 19:33:44 [INFO] scanner: BCHUSDT: 0.00% price, 0.45x volume
2026-08-24 19:33:44 [INFO] scanner: Checking XPLUSDT...
2026-08-24 19:33:45 [INFO] scanner: XPLUSDT: -0.37% price, 0.35x volume
2026-08-24 19:33:45 [INFO] scanner: Checking SPCXBUSDT...
2026-08-24 19:33:45 [INFO] scanner: SPCXBUSDT: -0.71% price, 0.15x volume
2026-08-24 19:33:46 [INFO] scanner: Checking INJUSDT...
2026-08-24 19:33:46 [INFO] scanner: INJUSDT: -2.09% price, 0.56x volume
2026-08-24 19:33:46 [INFO] scanner: Checking ASTERUSDT...
2026-08-24 19:33:47 [INFO] scanner: ASTERUSDT: 0.15% price, 0.31x volume
2026-08-24 19:33:47 [INFO] scanner: Checking PROMUSDT...
2026-08-24 19:33:47 [INFO] scanner: PROMUSDT: 1.53% price, 0.41x volume
2026-08-24 19:33:47 [INFO] scanner: Checking FETUSDT...
2026-08-24 19:33:48 [INFO] scanner: FETUSDT: 0.29% price, 0.31x volume
2026-08-24 19:33:48 [INFO] scanner: Checking SPKUSDT...
2026-08-24 19:33:48 [INFO] scanner: SPKUSDT: 0.29% price, 0.77x volume
2026-08-24 19:33:49 [INFO] scanner: Checking HBARUSDT...
2026-08-24 19:33:49 [INFO] scanner: HBARUSDT: 0.19% price, 0.87x volume
2026-08-24 19:33:49 [INFO] scanner: Checking POLUSDT...
2026-08-24 19:33:50 [INFO] scanner: POLUSDT: -0.68% price, 0.61x volume
2026-08-24 19:33:50 [INFO] scanner: Checking CRCLBUSDT...
2026-08-24 19:33:51 [INFO] scanner: CRCLBUSDT: -0.67% price, 0.89x volume
2026-08-24 19:33:51 [INFO] scanner: Checking PORTALUSDT...
2026-08-24 19:33:52 [INFO] scanner: PORTALUSDT: 1.34% price, 0.44x volume
2026-08-24 19:33:52 [INFO] scanner: Checking MORPHOUSDT...
2026-08-24 19:33:53 [INFO] scanner: MORPHOUSDT: -0.57% price, 0.45x volume
2026-08-24 19:33:53 [INFO] scanner: Checking DASHUSDT...
2026-08-24 19:33:53 [INFO] scanner: DASHUSDT: -1.41% price, 0.44x volume
2026-08-24 19:33:53 [INFO] scanner: Checking WLFIUSDT...
2026-08-24 19:33:54 [INFO] scanner: WLFIUSDT: -0.35% price, 0.58x volume
2026-08-24 19:33:54 [INFO] scanner: Checking ZAMAUSDT...
2026-08-24 19:33:55 [INFO] scanner: ZAMAUSDT: 2.01% price, 0.42x volume
2026-08-24 19:38:55 [INFO] telegram_bot: Starting market scan...
2026-08-24 19:38:56 [INFO] binance_client: Found 474 trading symbols with USDT quote asset (excluding stablecoins)
2026-08-24 19:38:56 [INFO] binance_client: Filtered to 474 symbols from ticker data
2026-08-24 19:38:56 [INFO] binance_client: Top 50 symbols by 24hr quote volume
2026-08-24 19:38:56 [INFO] binance_client: #    Symbol       Quote Volume        
2026-08-24 19:38:56 [INFO] binance_client: ------------------------------------
2026-08-24 19:38:56 [INFO] binance_client: 1    BTCUSDT        2,378,413,503.13
2026-08-24 19:38:56 [INFO] binance_client: 2    ETHUSDT        1,256,494,532.40
2026-08-24 19:38:56 [INFO] binance_client: 3    XRPUSDT          411,189,669.54
2026-08-24 19:38:56 [INFO] binance_client: 4    SOLUSDT          411,055,290.15
2026-08-24 19:38:56 [INFO] binance_client: 5    ZECUSDT          248,110,616.15
2026-08-24 19:38:56 [INFO] binance_client: 6    BNBUSDT          132,988,271.94
2026-08-24 19:38:56 [INFO] binance_client: 7    PYTHUSDT         129,001,597.18
2026-08-24 19:38:56 [INFO] binance_client: 8    DOGEUSDT         107,747,566.08
2026-08-24 19:38:56 [INFO] binance_client: 9    TUTUSDT           96,418,433.17
2026-08-24 19:38:56 [INFO] binance_client: 10   SUIUSDT           86,176,510.58
2026-08-24 19:38:56 [INFO] binance_client: 11   TRUMPUSDT         71,164,507.69
2026-08-24 19:38:56 [INFO] binance_client: 12   NEARUSDT          70,012,701.35
2026-08-24 19:38:56 [INFO] binance_client: 13   ENAUSDT           69,825,939.18
2026-08-24 19:38:56 [INFO] binance_client: 14   PEPEUSDT          65,258,049.40
2026-08-24 19:38:56 [INFO] binance_client: 15   PUMPUSDT          59,316,112.17
2026-08-24 19:38:56 [INFO] binance_client: 16   AAVEUSDT          54,867,939.67
2026-08-24 19:38:56 [INFO] binance_client: 17   LINKUSDT          43,929,088.87
2026-08-24 19:38:56 [INFO] binance_client: 18   ADAUSDT           41,753,493.30
2026-08-24 19:38:56 [INFO] binance_client: 19   SNDKBUSDT         40,506,579.10
2026-08-24 19:38:56 [INFO] binance_client: 20   UNIUSDT           40,337,628.85
2026-08-24 19:38:56 [INFO] binance_client: 21   REUSDT            38,098,440.80
2026-08-24 19:38:56 [INFO] binance_client: 22   TAOUSDT           36,424,596.12
2026-08-24 19:38:56 [INFO] binance_client: 23   LTCUSDT           33,781,930.44
2026-08-24 19:38:56 [INFO] binance_client: 24   PENGUUSDT         31,978,030.25
2026-08-24 19:38:56 [INFO] binance_client: 25   XAUTUSDT          31,471,874.82
2026-08-24 19:38:56 [INFO] binance_client: 26   TRXUSDT           30,565,809.56
2026-08-24 19:38:56 [INFO] binance_client: 27   XLMUSDT           30,169,490.11
2026-08-24 19:38:56 [INFO] binance_client: 28   UUSDT             29,574,790.59
2026-08-24 19:38:56 [INFO] binance_client: 29   WLDUSDT           28,756,489.49
2026-08-24 19:38:56 [INFO] binance_client: 30   PAXGUSDT          22,126,141.35
2026-08-24 19:38:56 [INFO] binance_client: 31   AVAXUSDT          22,010,046.98
2026-08-24 19:38:56 [INFO] binance_client: 32   ONDOUSDT          21,346,559.27
2026-08-24 19:38:56 [INFO] binance_client: 33   MSTRBUSDT         20,981,725.72
2026-08-24 19:38:56 [INFO] binance_client: 34   VIRTUALUSDT       20,893,382.14
2026-08-24 19:38:56 [INFO] binance_client: 35   BCHUSDT           20,458,802.31
2026-08-24 19:38:56 [INFO] binance_client: 36   XPLUSDT           20,067,048.20
2026-08-24 19:38:56 [INFO] binance_client: 37   SPCXBUSDT         19,714,269.39
2026-08-24 19:38:56 [INFO] binance_client: 38   INJUSDT           19,244,670.71
2026-08-24 19:38:56 [INFO] binance_client: 39   PROMUSDT          18,823,513.06
2026-08-24 19:38:56 [INFO] binance_client: 40   ASTERUSDT         18,813,859.77
2026-08-24 19:38:56 [INFO] binance_client: 41   FETUSDT           18,172,282.59
2026-08-24 19:38:56 [INFO] binance_client: 42   SPKUSDT           17,919,980.70
2026-08-24 19:38:56 [INFO] binance_client: 43   HBARUSDT          15,523,382.10
2026-08-24 19:38:56 [INFO] binance_client: 44   POLUSDT           15,106,840.19
2026-08-24 19:38:56 [INFO] binance_client: 45   CRCLBUSDT         14,615,787.12
2026-08-24 19:38:56 [INFO] binance_client: 46   PORTALUSDT        13,854,450.84
2026-08-24 19:38:56 [INFO] binance_client: 47   MORPHOUSDT        13,678,104.79
2026-08-24 19:38:56 [INFO] binance_client: 48   DASHUSDT          12,666,722.19
2026-08-24 19:38:56 [INFO] binance_client: 49   WLFIUSDT          12,155,173.32
2026-08-24 19:38:56 [INFO] binance_client: 50   ZAMAUSDT          11,617,597.96
2026-08-24 19:38:56 [INFO] scanner: Checking BTCUSDT...
2026-08-24 19:38:56 [INFO] scanner: BTCUSDT: -0.06% price, 0.39x volume
2026-08-24 19:38:57 [INFO] scanner: Checking ETHUSDT...
2026-08-24 19:38:57 [INFO] scanner: ETHUSDT: -0.22% price, 0.56x volume
2026-08-24 19:38:57 [INFO] scanner: Checking XRPUSDT...
2026-08-24 19:38:58 [INFO] scanner: XRPUSDT: -0.25% price, 0.83x volume
2026-08-24 19:38:58 [INFO] scanner: Checking SOLUSDT...
2026-08-24 19:38:58 [INFO] scanner: SOLUSDT: -0.07% price, 0.59x volume
2026-08-24 19:38:58 [INFO] scanner: Checking ZECUSDT...
2026-08-24 19:38:59 [INFO] scanner: ZECUSDT: -1.26% price, 0.96x volume
2026-08-24 19:38:59 [INFO] scanner: Checking BNBUSDT...
2026-08-24 19:38:59 [INFO] scanner: BNBUSDT: -0.07% price, 0.38x volume
2026-08-24 19:39:00 [INFO] scanner: Checking PYTHUSDT...
2026-08-24 19:39:00 [INFO] scanner: PYTHUSDT: 0.06% price, 0.39x volume
2026-08-24 19:39:00 [INFO] scanner: Checking DOGEUSDT...
2026-08-24 19:39:01 [INFO] scanner: DOGEUSDT: -0.34% price, 0.41x volume
2026-08-24 19:39:01 [INFO] scanner: Checking TUTUSDT...
2026-08-24 19:39:01 [INFO] scanner: TUTUSDT: 2.27% price, 0.32x volume
2026-08-24 19:39:01 [INFO] scanner: Checking SUIUSDT...
2026-08-24 19:39:02 [INFO] scanner: SUIUSDT: -1.08% price, 1.58x volume
2026-08-24 19:39:02 [INFO] scanner: Checking TRUMPUSDT...
2026-08-24 19:39:02 [INFO] scanner: TRUMPUSDT: -0.53% price, 0.54x volume
2026-08-24 19:39:03 [INFO] scanner: Checking NEARUSDT...
2026-08-24 19:39:03 [INFO] scanner: NEARUSDT: -0.86% price, 0.86x volume
2026-08-24 19:39:03 [INFO] scanner: Checking ENAUSDT...
2026-08-24 19:39:04 [INFO] scanner: ENAUSDT: -0.85% price, 0.34x volume
2026-08-24 19:39:04 [INFO] scanner: Checking PEPEUSDT...
2026-08-24 19:39:04 [INFO] scanner: PEPEUSDT: -0.74% price, 0.39x volume
2026-08-24 19:39:05 [INFO] scanner: Checking PUMPUSDT...
2026-08-24 19:39:05 [INFO] scanner: PUMPUSDT: -1.49% price, 0.75x volume
2026-08-24 19:39:05 [INFO] scanner: Checking AAVEUSDT...
2026-08-24 19:39:06 [INFO] scanner: AAVEUSDT: -0.33% price, 0.41x volume
2026-08-24 19:39:06 [INFO] scanner: Checking LINKUSDT...
2026-08-24 19:39:06 [INFO] scanner: LINKUSDT: -0.10% price, 0.35x volume
2026-08-24 19:39:06 [INFO] scanner: Checking ADAUSDT...
2026-08-24 19:39:07 [INFO] scanner: ADAUSDT: -0.32% price, 0.40x volume
2026-08-24 19:39:07 [INFO] scanner: Checking SNDKBUSDT...
2026-08-24 19:39:07 [INFO] scanner: SNDKBUSDT: -1.45% price, 0.14x volume
2026-08-24 19:39:08 [INFO] scanner: Checking UNIUSDT...
2026-08-24 19:39:08 [INFO] scanner: UNIUSDT: -0.26% price, 0.52x volume
2026-08-24 19:39:08 [INFO] scanner: Checking REUSDT...
2026-08-24 19:39:09 [INFO] scanner: REUSDT: 0.93% price, 1.37x volume
2026-08-24 19:39:09 [INFO] scanner: Checking TAOUSDT...
2026-08-24 19:39:09 [INFO] scanner: TAOUSDT: -0.83% price, 0.68x volume
2026-08-24 19:39:09 [INFO] scanner: Checking LTCUSDT...
2026-08-24 19:39:10 [INFO] scanner: LTCUSDT: -0.44% price, 0.40x volume
2026-08-24 19:39:10 [INFO] scanner: Checking PENGUUSDT...
2026-08-24 19:39:11 [INFO] scanner: PENGUUSDT: -0.29% price, 0.62x volume
2026-08-24 19:39:11 [INFO] scanner: Checking XAUTUSDT...
2026-08-24 19:39:11 [INFO] scanner: XAUTUSDT: 0.20% price, 0.23x volume
2026-08-24 19:39:11 [INFO] scanner: Checking TRXUSDT...
2026-08-24 19:39:12 [INFO] scanner: TRXUSDT: 0.06% price, 0.44x volume
2026-08-24 19:39:12 [INFO] scanner: Checking XLMUSDT...
2026-08-24 19:39:12 [INFO] scanner: XLMUSDT: -0.57% price, 0.56x volume
2026-08-24 19:39:12 [INFO] scanner: Checking UUSDT...
2026-08-24 19:39:13 [INFO] scanner: UUSDT: 0.01% price, 0.26x volume
2026-08-24 19:39:13 [INFO] scanner: Checking WLDUSDT...
2026-08-24 19:39:14 [INFO] scanner: WLDUSDT: -0.79% price, 0.69x volume
2026-08-24 19:39:14 [INFO] scanner: Checking PAXGUSDT...
2026-08-24 19:39:14 [INFO] scanner: PAXGUSDT: 0.22% price, 0.63x volume
2026-08-24 19:39:14 [INFO] scanner: Checking AVAXUSDT...
2026-08-24 19:39:15 [INFO] scanner: AVAXUSDT: -0.26% price, 0.85x volume
2026-08-24 19:39:15 [INFO] scanner: Checking ONDOUSDT...
2026-08-24 19:39:15 [INFO] scanner: ONDOUSDT: -0.16% price, 0.57x volume
2026-08-24 19:39:16 [INFO] scanner: Checking MSTRBUSDT...
2026-08-24 19:39:16 [INFO] scanner: MSTRBUSDT: 0.43% price, 0.04x volume
2026-08-24 19:39:16 [INFO] scanner: Checking VIRTUALUSDT...
2026-08-24 19:39:17 [INFO] scanner: VIRTUALUSDT: -0.04% price, 0.18x volume
2026-08-24 19:39:17 [INFO] scanner: Checking BCHUSDT...
2026-08-24 19:39:17 [INFO] scanner: BCHUSDT: 0.11% price, 0.47x volume
2026-08-24 19:39:17 [INFO] scanner: Checking XPLUSDT...
2026-08-24 19:39:18 [INFO] scanner: XPLUSDT: -0.68% price, 0.35x volume
2026-08-24 19:39:18 [INFO] scanner: Checking SPCXBUSDT...
2026-08-24 19:39:18 [INFO] scanner: SPCXBUSDT: -0.59% price, 0.16x volume
2026-08-24 19:39:19 [INFO] scanner: Checking INJUSDT...
2026-08-24 19:39:19 [INFO] scanner: INJUSDT: -1.66% price, 0.54x volume
2026-08-24 19:39:19 [INFO] scanner: Checking PROMUSDT...
2026-08-24 19:39:20 [INFO] scanner: PROMUSDT: 1.08% price, 0.41x volume
2026-08-24 19:39:20 [INFO] scanner: Checking ASTERUSDT...
2026-08-24 19:39:20 [INFO] scanner: ASTERUSDT: 0.29% price, 0.36x volume
2026-08-24 19:39:20 [INFO] scanner: Checking FETUSDT...
2026-08-24 19:39:21 [INFO] scanner: FETUSDT: 0.47% price, 0.32x volume
2026-08-24 19:39:21 [INFO] scanner: Checking SPKUSDT...
2026-08-24 19:39:21 [INFO] scanner: SPKUSDT: 0.90% price, 0.77x volume
2026-08-24 19:39:22 [INFO] scanner: Checking HBARUSDT...
2026-08-24 19:39:22 [INFO] scanner: HBARUSDT: 0.05% price, 0.85x volume
2026-08-24 19:39:22 [INFO] scanner: Checking POLUSDT...
2026-08-24 19:39:23 [INFO] scanner: POLUSDT: -0.86% price, 0.64x volume
2026-08-24 19:39:23 [INFO] scanner: Checking CRCLBUSDT...
2026-08-24 19:39:23 [INFO] scanner: CRCLBUSDT: -0.08% price, 0.87x volume
2026-08-24 19:39:23 [INFO] scanner: Checking PORTALUSDT...
2026-08-24 19:39:24 [INFO] scanner: PORTALUSDT: 0.24% price, 0.44x volume
2026-08-24 19:39:24 [INFO] scanner: Checking MORPHOUSDT...
2026-08-24 19:39:24 [INFO] scanner: MORPHOUSDT: -0.77% price, 0.47x volume
2026-08-24 19:39:25 [INFO] scanner: Checking DASHUSDT...
2026-08-24 19:39:25 [INFO] scanner: DASHUSDT: -1.22% price, 0.44x volume
2026-08-24 19:39:25 [INFO] scanner: Checking WLFIUSDT...
2026-08-24 19:39:26 [INFO] scanner: WLFIUSDT: -0.17% price, 0.56x volume
2026-08-24 19:39:26 [INFO] scanner: Checking ZAMAUSDT...
2026-08-24 19:39:26 [INFO] scanner: ZAMAUSDT: 2.40% price, 0.40x volume
2026-08-24 19:39:32 [INFO] telegram_bot: Bot stopped
2026-08-24 19:39:35 [INFO] telegram_bot: Send /start to the bot to detect your chat ID
2026-08-24 19:39:42 [INFO] telegram_bot: Detected chat_id: 471974990
2026-08-24 19:39:42 [INFO] telegram_bot: Starting market scan...
2026-08-24 19:39:43 [INFO] binance_client: Found 474 trading symbols with USDT quote asset (excluding stablecoins)
2026-08-24 19:39:43 [INFO] binance_client: Filtered to 474 symbols from ticker data
2026-08-24 19:39:43 [INFO] binance_client: Top 50 symbols by 24hr quote volume
2026-08-24 19:39:43 [INFO] binance_client: #    Symbol       Quote Volume        
2026-08-24 19:39:43 [INFO] binance_client: ------------------------------------
2026-08-24 19:39:43 [INFO] binance_client: 1    BTCUSDT        2,379,161,812.09
2026-08-24 19:39:43 [INFO] binance_client: 2    ETHUSDT        1,256,662,289.19
2026-08-24 19:39:43 [INFO] binance_client: 3    SOLUSDT          411,453,524.07
2026-08-24 19:39:43 [INFO] binance_client: 4    XRPUSDT          411,143,417.63
2026-08-24 19:39:43 [INFO] binance_client: 5    ZECUSDT          248,248,418.51
2026-08-24 19:39:43 [INFO] binance_client: 6    BNBUSDT          133,073,548.44
2026-08-24 19:39:43 [INFO] binance_client: 7    PYTHUSDT         129,002,038.42
2026-08-24 19:39:43 [INFO] binance_client: 8    DOGEUSDT         107,735,381.57
2026-08-24 19:39:43 [INFO] binance_client: 9    TUTUSDT           96,406,555.15
2026-08-24 19:39:43 [INFO] binance_client: 10   SUIUSDT           86,241,668.81
2026-08-24 19:39:43 [INFO] binance_client: 11   TRUMPUSDT         71,142,309.69
2026-08-24 19:39:43 [INFO] binance_client: 12   NEARUSDT          69,980,282.66
2026-08-24 19:39:43 [INFO] binance_client: 13   ENAUSDT           69,819,331.46
2026-08-24 19:39:43 [INFO] binance_client: 14   PEPEUSDT          65,311,098.50
2026-08-24 19:39:43 [INFO] binance_client: 15   PUMPUSDT          59,330,836.93
2026-08-24 19:39:43 [INFO] binance_client: 16   AAVEUSDT          54,867,484.06
2026-08-24 19:39:43 [INFO] binance_client: 17   LINKUSDT          43,935,088.60
2026-08-24 19:39:44 [INFO] binance_client: 18   ADAUSDT           41,757,448.10
2026-08-24 19:39:44 [INFO] binance_client: 19   SNDKBUSDT         40,503,751.19
2026-08-24 19:39:44 [INFO] binance_client: 20   UNIUSDT           40,336,096.42
2026-08-24 19:39:44 [INFO] binance_client: 21   REUSDT            38,079,164.91
2026-08-24 19:39:44 [INFO] binance_client: 22   TAOUSDT           36,390,334.39
2026-08-24 19:39:44 [INFO] binance_client: 23   LTCUSDT           33,794,287.44
2026-08-24 19:39:44 [INFO] binance_client: 24   PENGUUSDT         31,963,671.68
2026-08-24 19:39:44 [INFO] binance_client: 25   XAUTUSDT          31,475,221.12
2026-08-24 19:39:44 [INFO] binance_client: 26   TRXUSDT           30,563,895.28
2026-08-24 19:39:44 [INFO] binance_client: 27   XLMUSDT           30,171,916.17
2026-08-24 19:39:44 [INFO] binance_client: 28   UUSDT             29,542,454.86
2026-08-24 19:39:44 [INFO] binance_client: 29   WLDUSDT           28,751,402.74
2026-08-24 19:39:44 [INFO] binance_client: 30   PAXGUSDT          22,128,402.27
2026-08-24 19:39:44 [INFO] binance_client: 31   AVAXUSDT          22,015,480.85
2026-08-24 19:39:44 [INFO] binance_client: 32   ONDOUSDT          21,350,531.22
2026-08-24 19:39:44 [INFO] binance_client: 33   MSTRBUSDT         20,983,129.79
2026-08-24 19:39:44 [INFO] binance_client: 34   VIRTUALUSDT       20,896,318.68
2026-08-24 19:39:44 [INFO] binance_client: 35   BCHUSDT           20,462,786.35
2026-08-24 19:39:44 [INFO] binance_client: 36   XPLUSDT           20,085,291.20
2026-08-24 19:39:44 [INFO] binance_client: 37   SPCXBUSDT         19,714,228.26
2026-08-24 19:39:44 [INFO] binance_client: 38   INJUSDT           19,248,142.43
2026-08-24 19:39:44 [INFO] binance_client: 39   PROMUSDT          18,826,735.80
2026-08-24 19:39:44 [INFO] binance_client: 40   ASTERUSDT         18,813,859.77
2026-08-24 19:39:44 [INFO] binance_client: 41   FETUSDT           18,164,418.83
2026-08-24 19:39:44 [INFO] binance_client: 42   SPKUSDT           17,913,422.50
2026-08-24 19:39:44 [INFO] binance_client: 43   HBARUSDT          15,530,244.81
2026-08-24 19:39:44 [INFO] binance_client: 44   POLUSDT           15,108,257.06
2026-08-24 19:39:44 [INFO] binance_client: 45   CRCLBUSDT         14,619,483.60
2026-08-24 19:39:44 [INFO] binance_client: 46   PORTALUSDT        13,851,855.65
2026-08-24 19:39:44 [INFO] binance_client: 47   MORPHOUSDT        13,663,559.38
2026-08-24 19:39:44 [INFO] binance_client: 48   DASHUSDT          12,667,451.42
2026-08-24 19:39:44 [INFO] binance_client: 49   WLFIUSDT          12,155,159.52
2026-08-24 19:39:44 [INFO] binance_client: 50   ZAMAUSDT          11,619,630.00
2026-08-24 19:39:44 [INFO] scanner: Checking BTCUSDT...
2026-08-24 19:39:44 [INFO] scanner: BTCUSDT: -0.06% price, 0.39x volume
2026-08-24 19:39:44 [INFO] scanner: Checking ETHUSDT...
2026-08-24 19:39:45 [INFO] scanner: ETHUSDT: -0.22% price, 0.56x volume
2026-08-24 19:39:45 [INFO] scanner: Checking SOLUSDT...
2026-08-24 19:39:45 [INFO] scanner: SOLUSDT: -0.07% price, 0.59x volume
2026-08-24 19:39:45 [INFO] scanner: Checking XRPUSDT...
2026-08-24 19:39:46 [INFO] scanner: XRPUSDT: -0.25% price, 0.83x volume
2026-08-24 19:39:46 [INFO] scanner: Checking ZECUSDT...
2026-08-24 19:39:46 [INFO] scanner: ZECUSDT: -1.26% price, 0.96x volume
2026-08-24 19:39:47 [INFO] scanner: Checking BNBUSDT...
2026-08-24 19:39:47 [INFO] scanner: BNBUSDT: -0.07% price, 0.38x volume
2026-08-24 19:39:47 [INFO] scanner: Checking PYTHUSDT...
2026-08-24 19:39:48 [INFO] scanner: PYTHUSDT: 0.06% price, 0.39x volume
2026-08-24 19:39:48 [INFO] scanner: Checking DOGEUSDT...
2026-08-24 19:39:48 [INFO] scanner: DOGEUSDT: -0.34% price, 0.41x volume
2026-08-24 19:39:48 [INFO] scanner: Checking TUTUSDT...
2026-08-24 19:39:49 [INFO] scanner: TUTUSDT: 2.27% price, 0.32x volume
2026-08-24 19:39:49 [INFO] scanner: Checking SUIUSDT...
2026-08-24 19:39:49 [INFO] scanner: SUIUSDT: -1.08% price, 1.58x volume
2026-08-24 19:39:50 [INFO] scanner: Checking TRUMPUSDT...
2026-08-24 19:39:50 [INFO] scanner: TRUMPUSDT: -0.53% price, 0.54x volume
2026-08-24 19:39:50 [INFO] scanner: Checking NEARUSDT...
2026-08-24 19:39:51 [INFO] scanner: NEARUSDT: -0.86% price, 0.86x volume
2026-08-24 19:39:51 [INFO] scanner: Checking ENAUSDT...
2026-08-24 19:39:51 [INFO] scanner: ENAUSDT: -0.85% price, 0.34x volume
2026-08-24 19:39:51 [INFO] scanner: Checking PEPEUSDT...
2026-08-24 19:39:52 [INFO] scanner: PEPEUSDT: -0.74% price, 0.39x volume
2026-08-24 19:39:52 [INFO] scanner: Checking PUMPUSDT...
2026-08-24 19:39:52 [INFO] scanner: PUMPUSDT: -1.49% price, 0.75x volume
2026-08-24 19:39:53 [INFO] scanner: Checking AAVEUSDT...
2026-08-24 19:39:53 [INFO] scanner: AAVEUSDT: -0.33% price, 0.41x volume
2026-08-24 19:39:53 [INFO] scanner: Checking LINKUSDT...
2026-08-24 19:39:54 [INFO] scanner: LINKUSDT: -0.10% price, 0.35x volume
2026-08-24 19:39:54 [INFO] scanner: Checking ADAUSDT...
2026-08-24 19:39:54 [INFO] scanner: ADAUSDT: -0.32% price, 0.40x volume
2026-08-24 19:39:54 [INFO] scanner: Checking SNDKBUSDT...
2026-08-24 19:39:55 [INFO] scanner: SNDKBUSDT: -1.45% price, 0.14x volume
2026-08-24 19:39:55 [INFO] scanner: Checking UNIUSDT...
2026-08-24 19:39:55 [INFO] scanner: UNIUSDT: -0.26% price, 0.52x volume
2026-08-24 19:39:56 [INFO] scanner: Checking REUSDT...
2026-08-24 19:39:57 [INFO] scanner: REUSDT: 0.93% price, 1.37x volume
2026-08-24 19:39:57 [INFO] scanner: Checking TAOUSDT...
2026-08-24 19:39:58 [INFO] scanner: TAOUSDT: -0.83% price, 0.68x volume
2026-08-24 19:39:58 [INFO] scanner: Checking LTCUSDT...
2026-08-24 19:39:59 [INFO] scanner: LTCUSDT: -0.44% price, 0.40x volume
2026-08-24 19:39:59 [INFO] scanner: Checking PENGUUSDT...
2026-08-24 19:39:59 [INFO] scanner: PENGUUSDT: -0.29% price, 0.62x volume
2026-08-24 19:39:59 [INFO] scanner: Checking XAUTUSDT...
2026-08-24 19:40:00 [INFO] scanner: XAUTUSDT: 0.32% price, 0.20x volume
2026-08-24 19:40:00 [INFO] scanner: Checking TRXUSDT...
2026-08-24 19:40:01 [INFO] scanner: TRXUSDT: 0.09% price, 0.47x volume
2026-08-24 19:40:01 [INFO] scanner: Checking XLMUSDT...
2026-08-24 19:40:02 [INFO] scanner: XLMUSDT: 0.00% price, 0.57x volume
2026-08-24 19:40:03 [INFO] scanner: Checking UUSDT...
2026-08-24 19:40:03 [INFO] scanner: UUSDT: -0.01% price, 0.28x volume
2026-08-24 19:40:03 [INFO] scanner: Checking WLDUSDT...
2026-08-24 19:40:04 [INFO] scanner: WLDUSDT: -0.07% price, 0.62x volume
2026-08-24 19:40:04 [INFO] scanner: Checking PAXGUSDT...
2026-08-24 19:40:04 [INFO] scanner: PAXGUSDT: 0.34% price, 0.59x volume
2026-08-24 19:40:05 [INFO] scanner: Checking AVAXUSDT...
2026-08-24 19:40:05 [INFO] scanner: AVAXUSDT: 0.04% price, 0.89x volume
2026-08-24 19:40:05 [INFO] scanner: Checking ONDOUSDT...
2026-08-24 19:40:06 [INFO] scanner: ONDOUSDT: 0.26% price, 0.55x volume
2026-08-24 19:40:06 [INFO] scanner: Checking MSTRBUSDT...
2026-08-24 19:40:06 [INFO] scanner: MSTRBUSDT: 0.93% price, 0.03x volume
2026-08-24 19:40:06 [INFO] scanner: Checking VIRTUALUSDT...
2026-08-24 19:40:07 [INFO] scanner: VIRTUALUSDT: 0.77% price, 0.17x volume
2026-08-24 19:40:07 [INFO] scanner: Checking BCHUSDT...
2026-08-24 19:40:07 [INFO] scanner: BCHUSDT: 0.75% price, 0.42x volume
2026-08-24 19:40:08 [INFO] scanner: Checking XPLUSDT...
2026-08-24 19:40:08 [INFO] scanner: XPLUSDT: -0.32% price, 0.35x volume
2026-08-24 19:40:08 [INFO] scanner: Checking SPCXBUSDT...
2026-08-24 19:40:09 [INFO] scanner: SPCXBUSDT: -0.66% price, 0.19x volume
2026-08-24 19:40:09 [INFO] scanner: Checking INJUSDT...
2026-08-24 19:40:09 [INFO] scanner: INJUSDT: -1.66% price, 0.51x volume
2026-08-24 19:40:09 [INFO] scanner: Checking PROMUSDT...
2026-08-24 19:40:10 [INFO] scanner: PROMUSDT: 0.11% price, 0.44x volume
2026-08-24 19:40:10 [INFO] scanner: Checking ASTERUSDT...
2026-08-24 19:40:10 [INFO] scanner: ASTERUSDT: 0.59% price, 0.29x volume
2026-08-24 19:40:11 [INFO] scanner: Checking FETUSDT...
2026-08-24 19:40:11 [INFO] scanner: FETUSDT: 1.23% price, 0.32x volume
2026-08-24 19:40:11 [INFO] scanner: Checking SPKUSDT...
2026-08-24 19:40:12 [INFO] scanner: SPKUSDT: 0.56% price, 0.76x volume
2026-08-24 19:40:12 [INFO] scanner: Checking HBARUSDT...
2026-08-24 19:40:13 [INFO] scanner: HBARUSDT: 0.35% price, 0.87x volume
2026-08-24 19:40:13 [INFO] scanner: Checking POLUSDT...
2026-08-24 19:40:13 [INFO] scanner: POLUSDT: -0.75% price, 0.64x volume
2026-08-24 19:40:13 [INFO] scanner: Checking CRCLBUSDT...
2026-08-24 19:40:14 [INFO] scanner: CRCLBUSDT: 0.15% price, 0.84x volume
2026-08-24 19:40:14 [INFO] scanner: Checking PORTALUSDT...
2026-08-24 19:40:15 [INFO] scanner: PORTALUSDT: -0.78% price, 0.39x volume
2026-08-24 19:40:15 [INFO] scanner: Checking MORPHOUSDT...
2026-08-24 19:40:15 [INFO] scanner: MORPHOUSDT: -0.69% price, 0.46x volume
2026-08-24 19:40:15 [INFO] scanner: Checking DASHUSDT...
2026-08-24 19:40:16 [INFO] scanner: DASHUSDT: -0.62% price, 0.43x volume
2026-08-24 19:40:16 [INFO] scanner: Checking WLFIUSDT...
2026-08-24 19:40:16 [INFO] scanner: WLFIUSDT: 0.00% price, 0.64x volume
2026-08-24 19:40:17 [INFO] scanner: Checking ZAMAUSDT...
2026-08-24 19:40:17 [INFO] scanner: ZAMAUSDT: 1.48% price, 0.36x volume
2026-08-24 19:40:17 [INFO] telegram_bot: 17 symbol(s) passed Condition 1
2026-08-24 19:40:17 [INFO] telegram_bot: Alert sent for 17 symbol(s)
2026-08-24 19:41:28 [INFO] telegram_bot: Bot stopped
2026-08-24 19:41:30 [INFO] telegram_bot: Send /start to the bot to detect your chat ID
2026-08-24 19:41:35 [INFO] telegram_bot: Detected chat_id: 471974990
2026-08-24 19:41:35 [INFO] telegram_bot: Starting market scan...
2026-08-24 19:41:36 [INFO] binance_client: Found 474 trading symbols with USDT quote asset (excluding stablecoins)
2026-08-24 19:41:37 [INFO] binance_client: Filtered to 474 symbols from ticker data
2026-08-24 19:41:37 [INFO] binance_client: Top 50 symbols by 24hr quote volume
2026-08-24 19:41:37 [INFO] binance_client: #    Symbol       Quote Volume        
2026-08-24 19:41:37 [INFO] binance_client: ------------------------------------
2026-08-24 19:41:37 [INFO] binance_client: 1    BTCUSDT        2,381,729,514.11
2026-08-24 19:41:37 [INFO] binance_client: 2    ETHUSDT        1,256,629,166.90
2026-08-24 19:41:37 [INFO] binance_client: 3    SOLUSDT          411,724,097.85
2026-08-24 19:41:37 [INFO] binance_client: 4    XRPUSDT          411,254,927.39
2026-08-24 19:41:37 [INFO] binance_client: 5    ZECUSDT          248,253,646.65
2026-08-24 19:41:37 [INFO] binance_client: 6    BNBUSDT          133,029,939.59
2026-08-24 19:41:37 [INFO] binance_client: 7    PYTHUSDT         128,998,563.98
2026-08-24 19:41:37 [INFO] binance_client: 8    DOGEUSDT         107,697,156.56
2026-08-24 19:41:37 [INFO] binance_client: 9    TUTUSDT           96,454,576.72
2026-08-24 19:41:37 [INFO] binance_client: 10   SUIUSDT           86,155,629.87
2026-08-24 19:41:37 [INFO] binance_client: 11   TRUMPUSDT         71,142,088.82
2026-08-24 19:41:37 [INFO] binance_client: 12   NEARUSDT          69,978,653.46
2026-08-24 19:41:37 [INFO] binance_client: 13   ENAUSDT           69,801,532.68
2026-08-24 19:41:37 [INFO] binance_client: 14   PEPEUSDT          65,418,993.98
2026-08-24 19:41:37 [INFO] binance_client: 15   PUMPUSDT          59,371,292.63
2026-08-24 19:41:37 [INFO] binance_client: 16   AAVEUSDT          54,833,394.86
2026-08-24 19:41:37 [INFO] binance_client: 17   LINKUSDT          43,941,722.07
2026-08-24 19:41:37 [INFO] binance_client: 18   ADAUSDT           41,760,039.21
2026-08-24 19:41:37 [INFO] binance_client: 19   SNDKBUSDT         40,531,092.17
2026-08-24 19:41:37 [INFO] binance_client: 20   UNIUSDT           40,368,627.04
2026-08-24 19:41:37 [INFO] binance_client: 21   REUSDT            38,070,574.48
2026-08-24 19:41:37 [INFO] binance_client: 22   TAOUSDT           36,353,674.67
2026-08-24 19:41:37 [INFO] binance_client: 23   LTCUSDT           33,807,446.12
2026-08-24 19:41:37 [INFO] binance_client: 24   PENGUUSDT         31,942,323.31
2026-08-24 19:41:37 [INFO] binance_client: 25   XAUTUSDT          31,414,804.33
2026-08-24 19:41:37 [INFO] binance_client: 26   TRXUSDT           30,543,663.80
2026-08-24 19:41:37 [INFO] binance_client: 27   XLMUSDT           30,182,544.10
2026-08-24 19:41:37 [INFO] binance_client: 28   UUSDT             29,567,397.71
2026-08-24 19:41:37 [INFO] binance_client: 29   WLDUSDT           28,746,990.10
2026-08-24 19:41:37 [INFO] binance_client: 30   PAXGUSDT          22,128,079.38
2026-08-24 19:41:37 [INFO] binance_client: 31   AVAXUSDT          22,016,417.06
2026-08-24 19:41:37 [INFO] binance_client: 32   ONDOUSDT          21,365,503.83
2026-08-24 19:41:37 [INFO] binance_client: 33   MSTRBUSDT         20,986,963.47
2026-08-24 19:41:37 [INFO] binance_client: 34   VIRTUALUSDT       20,899,225.87
2026-08-24 19:41:37 [INFO] binance_client: 35   BCHUSDT           20,464,193.37
2026-08-24 19:41:37 [INFO] binance_client: 36   XPLUSDT           20,081,323.13
2026-08-24 19:41:37 [INFO] binance_client: 37   SPCXBUSDT         19,730,932.13
2026-08-24 19:41:37 [INFO] binance_client: 38   INJUSDT           19,250,786.18
2026-08-24 19:41:37 [INFO] binance_client: 39   PROMUSDT          18,836,718.93
2026-08-24 19:41:37 [INFO] binance_client: 40   ASTERUSDT         18,809,953.56
2026-08-24 19:41:37 [INFO] binance_client: 41   FETUSDT           18,178,414.18
2026-08-24 19:41:37 [INFO] binance_client: 42   SPKUSDT           17,907,512.89
2026-08-24 19:41:37 [INFO] binance_client: 43   HBARUSDT          15,551,849.24
2026-08-24 19:41:37 [INFO] binance_client: 44   POLUSDT           15,110,166.94
2026-08-24 19:41:37 [INFO] binance_client: 45   CRCLBUSDT         14,678,881.89
2026-08-24 19:41:37 [INFO] binance_client: 46   PORTALUSDT        13,852,878.47
2026-08-24 19:41:37 [INFO] binance_client: 47   MORPHOUSDT        13,656,599.84
2026-08-24 19:41:37 [INFO] binance_client: 48   DASHUSDT          12,665,089.49
2026-08-24 19:41:37 [INFO] binance_client: 49   WLFIUSDT          12,157,190.92
2026-08-24 19:41:37 [INFO] binance_client: 50   ZAMAUSDT          11,609,299.80
2026-08-24 19:41:37 [INFO] scanner: Checking BTCUSDT...
2026-08-24 19:41:37 [INFO] scanner: BTCUSDT: 0.06% price, 0.36x volume
2026-08-24 19:41:37 [INFO] scanner: Checking ETHUSDT...
2026-08-24 19:41:38 [INFO] scanner: ETHUSDT: 0.05% price, 0.54x volume
2026-08-24 19:41:38 [INFO] scanner: Checking SOLUSDT...
2026-08-24 19:41:39 [INFO] scanner: SOLUSDT: 0.41% price, 0.67x volume
2026-08-24 19:41:39 [INFO] scanner: Checking XRPUSDT...
2026-08-24 19:41:39 [INFO] scanner: XRPUSDT: 0.40% price, 0.81x volume
2026-08-24 19:41:39 [INFO] scanner: Checking ZECUSDT...
2026-08-24 19:41:40 [INFO] scanner: ZECUSDT: -0.32% price, 0.93x volume
2026-08-24 19:41:40 [INFO] scanner: Checking BNBUSDT...
2026-08-24 19:41:40 [INFO] scanner: BNBUSDT: 0.17% price, 0.40x volume
2026-08-24 19:41:41 [INFO] scanner: Checking PYTHUSDT...
2026-08-24 19:41:41 [INFO] scanner: PYTHUSDT: 0.69% price, 0.36x volume
2026-08-24 19:41:41 [INFO] scanner: Checking DOGEUSDT...
2026-08-24 19:41:42 [INFO] scanner: DOGEUSDT: 0.13% price, 0.38x volume
2026-08-24 19:41:42 [INFO] scanner: Checking TUTUSDT...
2026-08-24 19:41:42 [INFO] scanner: TUTUSDT: 0.86% price, 0.30x volume
2026-08-24 19:41:42 [INFO] scanner: Checking SUIUSDT...
2026-08-24 19:41:43 [INFO] scanner: SUIUSDT: -0.53% price, 1.57x volume
2026-08-24 19:41:43 [INFO] scanner: Checking TRUMPUSDT...
2026-08-24 19:41:43 [INFO] scanner: TRUMPUSDT: 0.21% price, 0.53x volume
2026-08-24 19:41:44 [INFO] scanner: Checking NEARUSDT...
2026-08-24 19:41:44 [INFO] scanner: NEARUSDT: -0.15% price, 0.83x volume
2026-08-24 19:41:44 [INFO] scanner: Checking ENAUSDT...
2026-08-24 19:41:45 [INFO] scanner: ENAUSDT: -0.26% price, 0.33x volume
2026-08-24 19:41:45 [INFO] scanner: Checking PEPEUSDT...
2026-08-24 19:41:45 [INFO] scanner: PEPEUSDT: 0.25% price, 0.40x volume
2026-08-24 19:41:45 [INFO] scanner: Checking PUMPUSDT...
2026-08-24 19:41:46 [INFO] scanner: PUMPUSDT: -0.11% price, 0.73x volume
2026-08-24 19:41:46 [INFO] scanner: Checking AAVEUSDT...
2026-08-24 19:41:46 [INFO] scanner: AAVEUSDT: -0.24% price, 0.40x volume
2026-08-24 19:41:47 [INFO] scanner: Checking LINKUSDT...
2026-08-24 19:41:47 [INFO] scanner: LINKUSDT: -0.09% price, 0.33x volume
2026-08-24 19:41:47 [INFO] scanner: Checking ADAUSDT...
2026-08-24 19:41:48 [INFO] scanner: ADAUSDT: 0.14% price, 0.42x volume
2026-08-24 19:41:48 [INFO] scanner: Checking SNDKBUSDT...
2026-08-24 19:41:48 [INFO] scanner: SNDKBUSDT: -1.12% price, 0.12x volume
2026-08-24 19:41:48 [INFO] scanner: Checking UNIUSDT...
2026-08-24 19:41:49 [INFO] scanner: UNIUSDT: 0.07% price, 0.52x volume
2026-08-24 19:41:49 [INFO] scanner: Checking REUSDT...
2026-08-24 19:41:49 [INFO] scanner: REUSDT: 0.76% price, 1.23x volume
2026-08-24 19:41:50 [INFO] scanner: Checking TAOUSDT...
2026-08-24 19:41:50 [INFO] scanner: TAOUSDT: 0.00% price, 0.65x volume
2026-08-24 19:41:50 [INFO] scanner: Checking LTCUSDT...
2026-08-24 19:41:51 [INFO] scanner: LTCUSDT: 0.00% price, 0.43x volume
2026-08-24 19:41:51 [INFO] scanner: Checking PENGUUSDT...
2026-08-24 19:41:52 [INFO] scanner: PENGUUSDT: 0.55% price, 0.59x volume
2026-08-24 19:41:52 [INFO] scanner: Checking XAUTUSDT...
2026-08-24 19:41:52 [INFO] scanner: XAUTUSDT: 0.32% price, 0.20x volume
2026-08-24 19:41:52 [INFO] scanner: Checking TRXUSDT...
2026-08-24 19:41:53 [INFO] scanner: TRXUSDT: 0.09% price, 0.47x volume
2026-08-24 19:41:53 [INFO] scanner: Checking XLMUSDT...
2026-08-24 19:41:53 [INFO] scanner: XLMUSDT: 0.00% price, 0.57x volume
2026-08-24 19:41:54 [INFO] scanner: Checking UUSDT...
2026-08-24 19:41:54 [INFO] scanner: UUSDT: -0.01% price, 0.28x volume
2026-08-24 19:41:54 [INFO] scanner: Checking WLDUSDT...
2026-08-24 19:41:55 [INFO] scanner: WLDUSDT: -0.07% price, 0.62x volume
2026-08-24 19:41:55 [INFO] scanner: Checking PAXGUSDT...
2026-08-24 19:41:55 [INFO] scanner: PAXGUSDT: 0.34% price, 0.59x volume
2026-08-24 19:41:55 [INFO] scanner: Checking AVAXUSDT...
2026-08-24 19:41:56 [INFO] scanner: AVAXUSDT: 0.04% price, 0.89x volume
2026-08-24 19:41:56 [INFO] scanner: Checking ONDOUSDT...
2026-08-24 19:41:57 [INFO] scanner: ONDOUSDT: 0.26% price, 0.55x volume
2026-08-24 19:41:57 [INFO] scanner: Checking MSTRBUSDT...
2026-08-24 19:41:57 [INFO] scanner: MSTRBUSDT: 0.93% price, 0.03x volume
2026-08-24 19:41:57 [INFO] scanner: Checking VIRTUALUSDT...
2026-08-24 19:41:58 [INFO] scanner: VIRTUALUSDT: 0.77% price, 0.17x volume
2026-08-24 19:41:59 [INFO] scanner: Checking BCHUSDT...
2026-08-24 19:41:59 [INFO] scanner: BCHUSDT: 0.75% price, 0.42x volume
2026-08-24 19:41:59 [INFO] scanner: Checking XPLUSDT...
2026-08-24 19:42:00 [INFO] scanner: XPLUSDT: -0.32% price, 0.35x volume
2026-08-24 19:42:00 [INFO] scanner: Checking SPCXBUSDT...
2026-08-24 19:42:00 [INFO] scanner: SPCXBUSDT: -0.66% price, 0.19x volume
2026-08-24 19:42:00 [INFO] scanner: Checking INJUSDT...
2026-08-24 19:42:01 [INFO] scanner: INJUSDT: -1.66% price, 0.51x volume
2026-08-24 19:42:01 [INFO] scanner: Checking PROMUSDT...
2026-08-24 19:42:02 [INFO] scanner: PROMUSDT: 0.11% price, 0.44x volume
2026-08-24 19:42:02 [INFO] scanner: Checking ASTERUSDT...
2026-08-24 19:42:02 [INFO] scanner: ASTERUSDT: 0.59% price, 0.29x volume
2026-08-24 19:42:03 [INFO] scanner: Checking FETUSDT...
2026-08-24 19:42:03 [INFO] scanner: FETUSDT: 1.23% price, 0.32x volume
2026-08-24 19:42:03 [INFO] scanner: Checking SPKUSDT...
2026-08-24 19:42:04 [INFO] scanner: SPKUSDT: 0.56% price, 0.76x volume
2026-08-24 19:42:04 [INFO] scanner: Checking HBARUSDT...
2026-08-24 19:42:04 [INFO] scanner: HBARUSDT: 0.35% price, 0.87x volume
2026-08-24 19:42:04 [INFO] scanner: Checking POLUSDT...
2026-08-24 19:42:05 [INFO] scanner: POLUSDT: -0.75% price, 0.64x volume
2026-08-24 19:42:05 [INFO] scanner: Checking CRCLBUSDT...
2026-08-24 19:42:05 [INFO] scanner: CRCLBUSDT: 0.15% price, 0.84x volume
2026-08-24 19:42:06 [INFO] scanner: Checking PORTALUSDT...
2026-08-24 19:42:06 [INFO] scanner: PORTALUSDT: -0.78% price, 0.39x volume
2026-08-24 19:42:06 [INFO] scanner: Checking MORPHOUSDT...
2026-08-24 19:42:07 [INFO] scanner: MORPHOUSDT: -0.69% price, 0.46x volume
2026-08-24 19:42:07 [INFO] scanner: Checking DASHUSDT...
2026-08-24 19:42:07 [INFO] scanner: DASHUSDT: -0.62% price, 0.43x volume
2026-08-24 19:42:07 [INFO] scanner: Checking WLFIUSDT...
2026-08-24 19:42:08 [INFO] scanner: WLFIUSDT: 0.00% price, 0.64x volume
2026-08-24 19:42:08 [INFO] scanner: Checking ZAMAUSDT...
2026-08-24 19:42:09 [INFO] scanner: ZAMAUSDT: 1.48% price, 0.36x volume
2026-08-24 19:42:09 [INFO] telegram_bot: 30 symbol(s) passed both conditions
2026-08-24 19:42:09 [INFO] telegram_bot: Alert sent for 30 symbol(s)
2026-08-24 19:45:09 [INFO] telegram_bot: Bot stopped
2026-08-24 19:45:32 [INFO] telegram_bot: Send /start to the bot to detect your chat ID
2026-08-24 19:45:36 [INFO] telegram_bot: Detected chat_id: 471974990
2026-08-24 19:45:36 [INFO] telegram_bot: Starting market scan...
2026-08-24 19:45:38 [INFO] binance_client: Found 474 trading symbols with USDT quote asset (excluding stablecoins)
2026-08-24 19:45:38 [INFO] binance_client: Filtered to 474 symbols from ticker data
2026-08-24 19:45:38 [INFO] binance_client: Top 50 symbols by 24hr quote volume
2026-08-24 19:45:38 [INFO] binance_client: #    Symbol       Quote Volume        
2026-08-24 19:45:38 [INFO] binance_client: ------------------------------------
2026-08-24 19:45:38 [INFO] binance_client: 1    BTCUSDT        2,387,445,462.89
2026-08-24 19:45:38 [INFO] binance_client: 2    ETHUSDT        1,254,832,223.22
2026-08-24 19:45:38 [INFO] binance_client: 3    SOLUSDT          411,380,543.28
2026-08-24 19:45:38 [INFO] binance_client: 4    XRPUSDT          410,887,581.88
2026-08-24 19:45:38 [INFO] binance_client: 5    ZECUSDT          248,127,720.08
2026-08-24 19:45:38 [INFO] binance_client: 6    BNBUSDT          133,163,335.32
2026-08-24 19:45:38 [INFO] binance_client: 7    PYTHUSDT         128,993,072.68
2026-08-24 19:45:38 [INFO] binance_client: 8    DOGEUSDT         107,442,391.58
2026-08-24 19:45:38 [INFO] binance_client: 9    TUTUSDT           96,453,474.42
2026-08-24 19:45:38 [INFO] binance_client: 10   SUIUSDT           86,073,904.81
2026-08-24 19:45:38 [INFO] binance_client: 11   TRUMPUSDT         71,002,040.00
2026-08-24 19:45:38 [INFO] binance_client: 12   NEARUSDT          69,936,927.26
2026-08-24 19:45:38 [INFO] binance_client: 13   ENAUSDT           69,750,661.68
2026-08-24 19:45:38 [INFO] binance_client: 14   PEPEUSDT          65,386,191.27
2026-08-24 19:45:38 [INFO] binance_client: 15   PUMPUSDT          59,381,322.00
2026-08-24 19:45:38 [INFO] binance_client: 16   AAVEUSDT          54,755,865.90
2026-08-24 19:45:38 [INFO] binance_client: 17   LINKUSDT          43,884,713.21
2026-08-24 19:45:38 [INFO] binance_client: 18   ADAUSDT           41,674,511.32
2026-08-24 19:45:38 [INFO] binance_client: 19   SNDKBUSDT         40,568,002.74
2026-08-24 19:45:38 [INFO] binance_client: 20   UNIUSDT           40,325,540.79
2026-08-24 19:45:38 [INFO] binance_client: 21   REUSDT            37,975,532.95
2026-08-24 19:45:38 [INFO] binance_client: 22   TAOUSDT           36,262,513.88
2026-08-24 19:45:38 [INFO] binance_client: 23   LTCUSDT           33,784,168.26
2026-08-24 19:45:38 [INFO] binance_client: 24   PENGUUSDT         31,763,722.42
2026-08-24 19:45:38 [INFO] binance_client: 25   XAUTUSDT          31,384,100.56
2026-08-24 19:45:38 [INFO] binance_client: 26   TRXUSDT           30,599,339.77
2026-08-24 19:45:38 [INFO] binance_client: 27   XLMUSDT           30,103,382.05
2026-08-24 19:45:38 [INFO] binance_client: 28   UUSDT             29,561,285.14
2026-08-24 19:45:38 [INFO] binance_client: 29   WLDUSDT           28,683,020.57
2026-08-24 19:45:38 [INFO] binance_client: 30   PAXGUSDT          22,135,317.23
2026-08-24 19:45:38 [INFO] binance_client: 31   AVAXUSDT          21,982,847.12
2026-08-24 19:45:38 [INFO] binance_client: 32   ONDOUSDT          21,338,866.08
2026-08-24 19:45:38 [INFO] binance_client: 33   MSTRBUSDT         20,974,734.59
2026-08-24 19:45:38 [INFO] binance_client: 34   VIRTUALUSDT       20,903,418.65
2026-08-24 19:45:38 [INFO] binance_client: 35   BCHUSDT           20,430,554.66
2026-08-24 19:45:38 [INFO] binance_client: 36   XPLUSDT           20,070,121.96
2026-08-24 19:45:38 [INFO] binance_client: 37   SPCXBUSDT         19,762,788.55
2026-08-24 19:45:38 [INFO] binance_client: 38   INJUSDT           19,277,783.12
2026-08-24 19:45:38 [INFO] binance_client: 39   PROMUSDT          18,855,094.20
2026-08-24 19:45:38 [INFO] binance_client: 40   ASTERUSDT         18,802,995.28
2026-08-24 19:45:38 [INFO] binance_client: 41   FETUSDT           18,186,097.40
2026-08-24 19:45:38 [INFO] binance_client: 42   SPKUSDT           17,738,884.95
2026-08-24 19:45:38 [INFO] binance_client: 43   HBARUSDT          15,575,547.43
2026-08-24 19:45:38 [INFO] binance_client: 44   POLUSDT           15,102,670.01
2026-08-24 19:45:38 [INFO] binance_client: 45   CRCLBUSDT         14,731,457.45
2026-08-24 19:45:38 [INFO] binance_client: 46   PORTALUSDT        13,855,901.88
2026-08-24 19:45:38 [INFO] binance_client: 47   MORPHOUSDT        13,644,362.87
2026-08-24 19:45:38 [INFO] binance_client: 48   DASHUSDT          12,644,427.86
2026-08-24 19:45:38 [INFO] binance_client: 49   WLFIUSDT          12,140,537.28
2026-08-24 19:45:38 [INFO] binance_client: 50   ZAMAUSDT          11,590,689.61
2026-08-24 19:45:38 [INFO] scanner: Checking BTCUSDT...
2026-08-24 19:45:39 [INFO] scanner: BTCUSDT: -0.10% price, 0.40x volume
2026-08-24 19:45:39 [INFO] scanner: Checking ETHUSDT...
2026-08-24 19:45:39 [INFO] scanner: ETHUSDT: -0.19% price, 0.54x volume
2026-08-24 19:45:39 [INFO] scanner: Checking SOLUSDT...
2026-08-24 19:45:40 [INFO] scanner: SOLUSDT: 0.06% price, 0.66x volume
2026-08-24 19:45:40 [INFO] scanner: Checking XRPUSDT...
2026-08-24 19:45:40 [INFO] scanner: XRPUSDT: -0.03% price, 0.80x volume
2026-08-24 19:45:41 [INFO] scanner: Checking ZECUSDT...
2026-08-24 19:45:41 [INFO] scanner: ZECUSDT: -1.19% price, 0.91x volume
2026-08-24 19:45:41 [INFO] scanner: Checking BNBUSDT...
2026-08-24 19:45:42 [INFO] scanner: BNBUSDT: -0.16% price, 0.43x volume
2026-08-24 19:45:42 [INFO] scanner: Checking PYTHUSDT...
2026-08-24 19:45:42 [INFO] scanner: PYTHUSDT: 0.53% price, 0.33x volume
2026-08-24 19:45:42 [INFO] scanner: Checking DOGEUSDT...
2026-08-24 19:45:43 [INFO] scanner: DOGEUSDT: -0.31% price, 0.37x volume
2026-08-24 19:45:43 [INFO] scanner: Checking TUTUSDT...
2026-08-24 19:45:43 [INFO] scanner: TUTUSDT: 0.18% price, 0.30x volume
2026-08-24 19:45:44 [INFO] scanner: Checking SUIUSDT...
2026-08-24 19:45:44 [INFO] scanner: SUIUSDT: -0.89% price, 1.57x volume
2026-08-24 19:45:44 [INFO] scanner: Checking TRUMPUSDT...
2026-08-24 19:45:45 [INFO] scanner: TRUMPUSDT: -0.08% price, 0.55x volume
2026-08-24 19:45:45 [INFO] scanner: Checking NEARUSDT...
2026-08-24 19:45:45 [INFO] scanner: NEARUSDT: -1.07% price, 0.86x volume
2026-08-24 19:45:45 [INFO] scanner: Checking ENAUSDT...
2026-08-24 19:45:46 [INFO] scanner: ENAUSDT: -0.72% price, 0.33x volume
2026-08-24 19:45:46 [INFO] scanner: Checking PEPEUSDT...
2026-08-24 19:45:46 [INFO] scanner: PEPEUSDT: -0.74% price, 0.41x volume
2026-08-24 19:45:47 [INFO] scanner: Checking PUMPUSDT...
2026-08-24 19:45:47 [INFO] scanner: PUMPUSDT: -0.51% price, 0.71x volume
2026-08-24 19:45:47 [INFO] scanner: Checking AAVEUSDT...
2026-08-24 19:45:48 [INFO] scanner: AAVEUSDT: -0.25% price, 0.40x volume
2026-08-24 19:45:48 [INFO] scanner: Checking LINKUSDT...
2026-08-24 19:45:48 [INFO] scanner: LINKUSDT: -0.28% price, 0.31x volume
2026-08-24 19:45:48 [INFO] scanner: Checking ADAUSDT...
2026-08-24 19:45:49 [INFO] scanner: ADAUSDT: -0.23% price, 0.40x volume
2026-08-24 19:45:49 [INFO] scanner: Checking SNDKBUSDT...
2026-08-24 19:45:49 [INFO] scanner: SNDKBUSDT: -1.19% price, 0.14x volume
2026-08-24 19:45:50 [INFO] scanner: Checking UNIUSDT...
2026-08-24 19:45:50 [INFO] scanner: UNIUSDT: -0.05% price, 0.53x volume
2026-08-24 19:45:50 [INFO] scanner: Checking REUSDT...
2026-08-24 19:45:51 [INFO] scanner: REUSDT: 0.09% price, 1.07x volume
2026-08-24 19:45:51 [INFO] scanner: Checking TAOUSDT...
2026-08-24 19:45:51 [INFO] scanner: TAOUSDT: -0.54% price, 0.65x volume
2026-08-24 19:45:51 [INFO] scanner: Checking LTCUSDT...
2026-08-24 19:45:52 [INFO] scanner: LTCUSDT: -0.48% price, 0.44x volume
2026-08-24 19:45:52 [INFO] scanner: Checking PENGUUSDT...
2026-08-24 19:45:52 [INFO] scanner: PENGUUSDT: -0.75% price, 0.56x volume
2026-08-24 19:45:53 [INFO] scanner: Checking XAUTUSDT...
2026-08-24 19:45:53 [INFO] scanner: XAUTUSDT: 0.32% price, 0.21x volume
2026-08-24 19:45:53 [INFO] scanner: Checking TRXUSDT...
2026-08-24 19:45:54 [INFO] scanner: TRXUSDT: 0.12% price, 0.47x volume
2026-08-24 19:45:54 [INFO] scanner: Checking XLMUSDT...
2026-08-24 19:45:54 [INFO] scanner: XLMUSDT: -0.16% price, 0.59x volume
2026-08-24 19:45:54 [INFO] scanner: Checking UUSDT...
2026-08-24 19:45:55 [INFO] scanner: UUSDT: 0.01% price, 0.30x volume
2026-08-24 19:45:55 [INFO] scanner: Checking WLDUSDT...
2026-08-24 19:45:56 [INFO] scanner: WLDUSDT: -0.69% price, 0.62x volume
2026-08-24 19:45:56 [INFO] scanner: Checking PAXGUSDT...
2026-08-24 19:45:56 [INFO] scanner: PAXGUSDT: 0.33% price, 0.62x volume
2026-08-24 19:45:56 [INFO] scanner: Checking AVAXUSDT...
2026-08-24 19:45:57 [INFO] scanner: AVAXUSDT: -0.09% price, 0.91x volume
2026-08-24 19:45:57 [INFO] scanner: Checking ONDOUSDT...
2026-08-24 19:45:57 [INFO] scanner: ONDOUSDT: -0.18% price, 0.55x volume
2026-08-24 19:45:57 [INFO] scanner: Checking MSTRBUSDT...
2026-08-24 19:45:58 [INFO] scanner: MSTRBUSDT: -0.05% price, 0.03x volume
2026-08-24 19:45:58 [INFO] scanner: Checking VIRTUALUSDT...
2026-08-24 19:45:59 [INFO] scanner: VIRTUALUSDT: 0.01% price, 0.17x volume
2026-08-24 19:45:59 [INFO] scanner: Checking BCHUSDT...
2026-08-24 19:45:59 [INFO] scanner: BCHUSDT: 0.37% price, 0.41x volume
2026-08-24 19:45:59 [INFO] scanner: Checking XPLUSDT...
2026-08-24 19:46:00 [INFO] scanner: XPLUSDT: -0.72% price, 0.34x volume
2026-08-24 19:46:00 [INFO] scanner: Checking SPCXBUSDT...
2026-08-24 19:46:00 [INFO] scanner: SPCXBUSDT: -0.52% price, 0.22x volume
2026-08-24 19:46:00 [INFO] scanner: Checking INJUSDT...
2026-08-24 19:46:01 [INFO] scanner: INJUSDT: -2.08% price, 0.51x volume
2026-08-24 19:46:01 [INFO] scanner: Checking PROMUSDT...
2026-08-24 19:46:02 [INFO] scanner: PROMUSDT: 0.57% price, 0.46x volume
2026-08-24 19:46:02 [INFO] scanner: Checking ASTERUSDT...
2026-08-24 19:46:03 [INFO] scanner: ASTERUSDT: 0.29% price, 0.29x volume
2026-08-24 19:46:03 [INFO] scanner: Checking FETUSDT...
2026-08-24 19:46:04 [INFO] scanner: FETUSDT: 1.05% price, 0.33x volume
2026-08-24 19:46:04 [INFO] scanner: Checking SPKUSDT...
2026-08-24 19:46:05 [INFO] scanner: SPKUSDT: -0.14% price, 0.75x volume
2026-08-24 19:46:05 [INFO] scanner: Checking HBARUSDT...
2026-08-24 19:46:05 [INFO] scanner: HBARUSDT: 0.08% price, 0.84x volume
2026-08-24 19:46:05 [INFO] scanner: Checking POLUSDT...
2026-08-24 19:46:06 [INFO] scanner: POLUSDT: -0.89% price, 0.64x volume
2026-08-24 19:46:06 [INFO] scanner: Checking CRCLBUSDT...
2026-08-24 19:46:06 [INFO] scanner: CRCLBUSDT: -0.83% price, 0.90x volume
2026-08-24 19:46:07 [INFO] scanner: Checking PORTALUSDT...
2026-08-24 19:46:07 [INFO] scanner: PORTALUSDT: -2.14% price, 0.32x volume
2026-08-24 19:46:07 [INFO] scanner: Checking MORPHOUSDT...
2026-08-24 19:46:08 [INFO] scanner: MORPHOUSDT: -1.15% price, 0.42x volume
2026-08-24 19:46:08 [INFO] scanner: Checking DASHUSDT...
2026-08-24 19:46:08 [INFO] scanner: DASHUSDT: -1.22% price, 0.44x volume
2026-08-24 19:46:08 [INFO] scanner: Checking WLFIUSDT...
2026-08-24 19:46:09 [INFO] scanner: WLFIUSDT: -0.52% price, 0.60x volume
2026-08-24 19:46:09 [INFO] scanner: Checking ZAMAUSDT...
2026-08-24 19:46:10 [INFO] scanner: ZAMAUSDT: 0.87% price, 0.35x volume
2026-08-24 19:46:10 [INFO] telegram_bot: 14 symbol(s) passed both conditions
2026-08-24 19:46:10 [INFO] telegram_bot: Alert sent for 14 symbol(s)
2026-08-24 19:47:10 [INFO] telegram_bot: Bot stopped
